window_id,t,timestamp,cell_voltage,pack_current,temperature,label,mode
0,0,4200.000000,4.202484,-0.043175,24.990092,0,0
0,1,4200.100000,4.196452,0.004723,24.864613,0,0
0,2,4200.200000,4.197524,0.013466,0.000000,0,0
0,3,4200.300000,4.199044,0.042477,25.261543,0,0
0,4,4200.400000,4.187401,-0.043221,0.000000,0,0
0,5,4200.500000,4.184544,0.061024,25.249683,0,0
0,6,4200.600000,4.190753,-0.097556,0.000000,0,0
0,7,4200.700000,4.183837,0.012431,25.559350,0,0
0,8,4200.800000,4.174795,0.025767,25.031800,0,0
0,9,4200.900000,4.176999,0.088095,25.450629,0,0
0,10,4201.000000,4.169111,0.063798,25.070635,0,0
0,11,4201.100000,4.166243,-0.001383,25.302060,0,0
0,12,4201.200000,4.166924,0.025863,25.154382,0,0
0,13,4201.300000,4.153291,0.091253,25.187391,0,0
0,14,4201.400000,4.151375,0.083558,25.106625,0,0
0,15,4201.500000,4.154331,0.064734,25.638988,0,0
0,16,4201.600000,4.149222,0.075813,25.031344,0,0
0,17,4201.700000,4.153000,0.140812,25.044839,0,0
0,18,4201.800000,4.144031,0.086251,25.918891,0,0
0,19,4201.900000,4.138653,0.113845,25.591628,0,0
0,20,4202.000000,4.150185,0.232842,24.598418,0,0
0,21,4202.100000,4.138871,0.059237,25.160050,0,0
0,22,4202.200000,4.137480,0.043884,24.801703,0,0
0,23,4202.300000,4.127162,0.181689,25.075762,0,0
0,24,4202.400000,4.128707,0.114589,0.000000,0,0
0,25,4202.500000,4.129126,0.138597,25.351199,0,0
0,26,4202.600000,4.119959,0.121414,25.065371,0,0
0,27,4202.700000,4.124736,0.153420,25.441578,0,0
0,28,4202.800000,4.116997,0.252248,24.951720,0,0
0,29,4202.900000,4.115684,0.218312,25.479775,0,0
0,30,4203.000000,4.111277,0.227173,25.346067,0,0
0,31,4203.100000,4.120690,0.119078,25.936763,0,0
0,32,4203.200000,4.108504,0.138129,25.925216,0,0
0,33,4203.300000,4.100426,0.059499,25.753038,0,0
0,34,4203.400000,4.106970,0.166719,25.435072,0,0
0,35,4203.500000,4.093896,0.260725,26.144286,0,0
0,36,4203.600000,4.098187,0.244405,25.098371,0,0
0,37,4203.700000,4.084487,0.213116,0.000000,0,0
0,38,4203.800000,4.084788,0.228675,25.570351,0,0
0,39,4203.900000,4.089556,0.200908,26.287290,0,0
0,40,4204.000000,4.089407,0.251115,0.000000,0,0
0,41,4204.100000,4.083714,0.284658,25.587274,0,0
0,42,4204.200000,4.079422,0.171017,0.000000,0,0
0,43,4204.300000,4.075637,0.272202,25.957169,0,0
0,44,4204.400000,4.066893,0.309209,25.974904,0,0
0,45,4204.500000,4.067829,0.247158,25.941229,0,0
0,46,4204.600000,4.066268,0.308232,25.531288,0,0
0,47,4204.700000,4.071000,0.419171,25.523583,0,0
0,48,4204.800000,4.064575,0.278417,25.363191,0,0
0,49,4204.900000,4.051185,0.308452,25.791816,0,0
0,50,4205.000000,4.058763,0.256990,25.458050,0,0
0,51,4205.100000,4.052360,0.308015,25.444458,0,0
0,52,4205.200000,4.048044,0.326979,25.686079,0,0
0,53,4205.300000,4.051630,0.318672,25.681934,0,0
0,54,4205.400000,4.050869,0.262861,0.000000,0,0
0,55,4205.500000,4.047514,0.329030,25.999579,0,0
0,56,4205.600000,4.035804,0.396638,25.898830,0,0
0,57,4205.700000,4.035597,0.350725,25.804130,0,0
0,58,4205.800000,4.035942,0.381105,25.960933,0,0
0,59,4205.900000,4.036306,0.325816,25.624014,0,0
0,60,4206.000000,4.026176,0.379769,25.968490,0,0
0,61,4206.100000,4.024786,0.360790,25.997512,0,0
0,62,4206.200000,4.017325,0.303779,25.516833,0,0
0,63,4206.300000,4.014019,0.371694,26.281862,0,0
1,0,4206.400000,4.021205,0.310570,0.000000,0,0
1,1,4206.500000,4.021067,0.332840,0.000000,0,0
1,2,4206.600000,4.011069,0.378223,26.378637,0,0
1,3,4206.700000,4.013589,0.387833,26.322382,0,0
1,4,4206.800000,4.007522,0.317664,26.070336,0,0
1,5,4206.900000,3.999632,0.433921,25.966631,0,0
1,6,4207.000000,4.001807,0.413857,26.374970,0,0
1,7,4207.100000,4.004833,0.353995,26.308449,0,0
1,8,4207.200000,3.994107,0.316265,25.935844,0,0
1,9,4207.300000,3.999252,0.389750,25.898188,0,0
1,10,4207.400000,3.975473,0.378486,25.530241,0,0
1,11,4207.500000,3.989824,0.410166,26.213436,0,0
1,12,4207.600000,3.983292,0.390014,26.157686,0,0
1,13,4207.700000,3.978505,0.311393,26.538609,0,0
1,14,4207.800000,3.977602,0.395881,26.320713,0,0
1,15,4207.900000,3.964348,0.403483,26.628498,0,0
1,16,4208.000000,3.970330,0.453847,26.034240,0,0
1,17,4208.100000,3.970357,0.390587,26.600103,0,0
1,18,4208.200000,3.973104,0.512697,0.000000,0,0
1,19,4208.300000,3.960266,0.336380,0.000000,0,0
1,20,4208.400000,3.955958,0.500650,25.866580,0,0
1,21,4208.500000,3.954634,0.426937,26.389906,0,0
1,22,4208.600000,3.958863,0.484125,25.739104,0,0
1,23,4208.700000,3.953072,0.448058,0.000000,0,0
1,24,4208.800000,3.945923,0.503898,26.496866,0,0
1,25,4208.900000,3.948281,0.430335,26.223574,0,0
1,26,4209.000000,3.943343,0.397483,26.079824,0,0
1,27,4209.100000,3.944843,0.526078,26.663868,0,0
1,28,4209.200000,3.933633,0.451947,0.000000,0,0
1,29,4209.300000,3.932647,0.471194,26.293274,0,0
1,30,4209.400000,3.929468,0.524276,26.467750,0,0
1,31,4209.500000,3.921254,0.413290,27.261202,0,0
1,32,4209.600000,3.927195,0.496939,26.831259,0,0
1,33,4209.700000,3.924162,0.439872,0.000000,0,0
1,34,4209.800000,3.920026,0.464887,26.645840,0,0
1,35,4209.900000,3.915970,0.477163,26.580084,0,0
1,36,4210.000000,3.907209,0.400517,0.000000,0,0
1,37,4210.100000,3.909325,0.438490,26.356322,0,0
1,38,4210.200000,3.906858,0.546815,26.430760,0,0
1,39,4210.300000,3.901703,0.525323,26.027366,0,0
1,40,4210.400000,3.902051,0.479559,26.257493,0,0
1,41,4210.500000,3.902020,0.496448,26.025336,0,0
1,42,4210.600000,3.906574,0.471104,26.622943,0,0
1,43,4210.700000,3.895159,0.555093,26.894907,0,0
1,44,4210.800000,3.892716,0.478616,26.996130,0,0
1,45,4210.900000,3.888199,0.501520,0.000000,0,0
1,46,4211.000000,3.876120,0.548445,26.404671,0,0
1,47,4211.100000,3.882725,0.453414,26.128841,0,0
1,48,4211.200000,3.880301,0.571282,26.196154,0,0
1,49,4211.300000,3.889459,0.417803,26.357257,0,0
1,50,4211.400000,3.873324,0.576713,26.486014,0,0
1,51,4211.500000,3.872936,0.477424,0.000000,0,0
1,52,4211.600000,3.868398,0.484671,26.477810,0,0
1,53,4211.700000,3.859871,0.402975,26.898420,0,0
1,54,4211.800000,3.868571,0.475327,26.741695,0,0
1,55,4211.900000,3.863760,0.446589,0.000000,0,0
1,56,4212.000000,3.861098,0.468631,0.000000,0,0
1,57,4212.100000,3.849739,0.492503,26.501149,0,0
1,58,4212.200000,3.858443,0.547534,26.995407,0,0
1,59,4212.300000,3.841562,0.510222,26.880163,0,0
1,60,4212.400000,3.848649,0.515344,26.798850,0,0
1,61,4212.500000,3.853809,0.445224,27.178994,0,0
1,62,4212.600000,3.835047,0.455923,27.191624,0,0
1,63,4212.700000,3.834311,0.589778,26.658456,0,0
2,0,4212.800000,3.834784,0.462885,26.902220,0,0
2,1,4212.900000,3.828911,0.582179,27.055677,0,0
2,2,4213.000000,3.820818,0.486860,26.903837,0,0
2,3,4213.100000,3.826057,0.498694,27.175652,0,0
2,4,4213.200000,3.817546,0.551585,27.098890,0,0
2,5,4213.300000,3.822368,0.561070,27.578667,0,0
2,6,4213.400000,3.812546,0.491265,26.584162,0,0
2,7,4213.500000,3.822035,0.476645,27.020841,0,0
2,8,4213.600000,3.807512,0.492435,26.799327,0,0
2,9,4213.700000,3.806961,0.511224,27.267396,0,0
2,10,4213.800000,3.809782,0.537908,26.615277,0,0
2,11,4213.900000,3.796703,0.492494,27.218567,0,0
2,12,4214.000000,3.801137,0.522088,26.939882,0,0
2,13,4214.100000,3.803679,0.571846,26.922850,0,0
2,14,4214.200000,3.786248,0.507700,26.723331,0,0
2,15,4214.300000,3.792352,0.502846,27.031917,0,0
2,16,4214.400000,3.789871,0.409870,27.510929,0,0
2,17,4214.500000,3.789623,0.352755,27.192139,0,0
2,18,4214.600000,3.776672,0.502110,27.402095,0,0
2,19,4214.700000,3.773398,0.476273,27.727257,0,0
2,20,4214.800000,3.779753,0.453522,27.321043,0,0
2,21,4214.900000,3.775771,0.489609,27.088306,0,0
2,22,4215.000000,3.772681,0.472508,27.410128,0,0
2,23,4215.100000,3.770304,0.529938,0.000000,0,0
2,24,4215.200000,3.762314,0.475801,27.146572,0,0
2,25,4215.300000,3.764018,0.432021,26.855871,0,0
2,26,4215.400000,3.761465,0.516673,27.603633,0,0
2,27,4215.500000,3.753571,0.454032,0.000000,0,0
2,28,4215.600000,3.763615,0.488865,0.000000,0,0
2,29,4215.700000,3.753798,0.436245,27.056578,0,0
2,30,4215.800000,3.742615,0.425129,27.511975,0,0
2,31,4215.900000,3.748997,0.459261,27.166409,0,0
2,32,4216.000000,3.737984,0.453055,27.366256,0,0
2,33,4216.100000,3.743935,0.473694,0.000000,0,0
2,34,4216.200000,3.742936,0.433488,27.673478,0,0
2,35,4216.300000,3.730182,0.352250,0.000000,0,0
2,36,4216.400000,3.736245,0.419507,26.933197,0,0
2,37,4216.500000,3.730635,0.477844,28.375137,0,0
2,38,4216.600000,3.729825,0.420223,28.014683,0,0
2,39,4216.700000,3.732341,0.419643,27.721336,0,0
2,40,4216.800000,3.718773,0.478082,27.292155,0,0
2,41,4216.900000,3.713374,0.389899,27.497596,0,0
2,42,4217.000000,3.709838,0.345024,27.382181,0,0
2,43,4217.100000,3.707350,0.410732,27.937872,0,0
2,44,4217.200000,3.708186,0.391089,27.650949,0,0
2,45,4217.300000,3.707420,0.363454,27.350406,0,0
2,46,4217.400000,3.704241,0.399401,27.457860,0,0
2,47,4217.500000,3.704136,0.429084,27.948849,0,0
2,48,4217.600000,3.697208,0.400319,28.105903,0,0
2,49,4217.700000,3.701553,0.412344,28.097727,0,0
2,50,4217.800000,3.690105,0.483815,27.879666,0,0
2,51,4217.900000,3.702172,0.372087,27.590071,0,0
2,52,4218.000000,3.688843,0.399174,26.706680,0,0
2,53,4218.100000,3.678571,0.355761,27.781531,0,0
2,54,4218.200000,3.674646,0.334808,27.705058,0,0
2,55,4218.300000,3.679555,0.343725,27.760797,0,0
2,56,4218.400000,3.673168,0.344819,27.748141,0,0
2,57,4218.500000,3.674999,0.382458,27.347235,0,0
2,58,4218.600000,3.670938,0.477608,27.925452,0,0
2,59,4218.700000,3.665350,0.319966,27.960982,0,0
2,60,4218.800000,3.658623,0.330494,27.989080,0,0
2,61,4218.900000,3.652426,0.343671,28.081384,0,0
2,62,4219.000000,3.654910,0.362063,27.991632,0,0
2,63,4219.100000,3.658568,0.350844,27.700386,0,0
3,0,4219.200000,3.652499,0.397211,27.815094,0,0
3,1,4219.300000,3.642343,0.206973,27.876604,0,0
3,2,4219.400000,3.646580,0.204181,27.894470,0,0
3,3,4219.500000,3.644784,0.293918,28.174492,0,0
3,4,4219.600000,3.635581,0.368711,0.000000,0,0
3,5,4219.700000,3.637911,0.230647,28.523875,0,0
3,6,4219.800000,3.634577,0.153584,28.575393,0,0
3,7,4219.900000,3.625714,0.327511,27.950099,0,0
3,8,4220.000000,3.630360,0.306075,26.787930,0,0
3,9,4220.100000,3.628518,0.234276,28.322669,0,0
3,10,4220.200000,3.628272,0.234357,0.000000,0,0
3,11,4220.300000,3.625269,0.229951,27.736474,0,0
3,12,4220.400000,3.610255,0.278724,0.000000,0,0
3,13,4220.500000,3.609597,0.236598,27.868108,0,0
3,14,4220.600000,3.614004,0.287291,28.198329,0,0
3,15,4220.700000,3.611140,0.114488,27.559334,0,0
3,16,4220.800000,3.608290,0.208969,27.716335,0,0
3,17,4220.900000,3.622121,0.190061,28.155056,0,0
3,18,4221.000000,3.602854,0.228060,28.251418,0,0
3,19,4221.100000,3.602821,0.208450,28.269394,0,0
3,20,4221.200000,3.599056,0.269682,27.853187,0,0
3,21,4221.300000,3.594686,0.131225,27.808154,0,0
3,22,4221.400000,3.586995,0.220832,27.961948,0,0
3,23,4221.500000,3.589509,0.240806,28.198175,0,0
3,24,4221.600000,3.578993,0.300020,0.000000,0,0
3,25,4221.700000,3.578816,0.177365,0.000000,0,0
3,26,4221.800000,3.574716,0.211910,28.096632,0,0
3,27,4221.900000,3.574695,0.099696,27.775198,0,0
3,28,4222.000000,3.583002,0.064464,27.691447,0,0
3,29,4222.100000,3.559235,0.220445,28.489294,0,0
3,30,4222.200000,3.569146,0.172043,28.374651,0,0
3,31,4222.300000,3.554794,0.225335,28.358117,0,0
3,32,4222.400000,3.557640,0.091802,28.511588,0,0
3,33,4222.500000,3.562588,0.180504,28.103325,0,0
3,34,4222.600000,3.554607,0.241962,28.129377,0,0
3,35,4222.700000,3.546040,0.163495,28.926784,0,0
3,36,4222.800000,3.544995,0.150305,0.000000,0,0
3,37,4222.900000,3.549112,0.130849,28.515300,0,0
3,38,4223.000000,3.539205,0.045801,28.308474,0,0
3,39,4223.100000,3.541082,0.186028,27.763848,0,0
3,40,4223.200000,3.537371,0.081592,27.716671,0,0
3,41,4223.300000,3.531028,0.131228,28.168065,0,0
3,42,4223.400000,3.542148,0.021703,0.000000,0,0
3,43,4223.500000,3.531741,0.034718,28.601550,0,0
3,44,4223.600000,3.515589,0.159266,0.000000,0,0
3,45,4223.700000,3.523789,0.063953,28.092118,0,0
3,46,4223.800000,3.516691,0.147777,28.884529,0,0
3,47,4223.900000,3.521405,0.064984,28.121800,0,0
3,48,4224.000000,3.510323,-0.029428,28.486583,0,0
3,49,4224.100000,3.510855,0.101032,28.431064,0,0
3,50,4224.200000,3.511096,0.020686,28.393407,0,0
3,51,4224.300000,3.510043,0.078860,28.858512,0,0
3,52,4224.400000,3.496856,0.038924,28.256733,0,0
3,53,4224.500000,3.498327,-0.045761,28.074682,0,0
3,54,4224.600000,3.494768,0.033337,28.496826,0,0
3,55,4224.700000,3.491019,0.128656,28.382108,0,0
3,56,4224.800000,3.500256,0.037214,0.000000,0,0
3,57,4224.900000,3.490596,0.003407,0.000000,0,0
3,58,4225.000000,3.479410,0.053767,28.412732,0,0
3,59,4225.100000,3.487446,0.004250,28.229790,0,0
3,60,4225.200000,3.490611,-0.002088,27.993592,0,0
3,61,4225.300000,3.482305,-0.073426,28.261132,0,0
3,62,4225.400000,3.466689,-0.013430,0.000000,0,0
3,63,4225.500000,3.469007,0.020377,29.018830,0,0
4,0,4225.600000,3.474906,-0.079467,28.938052,0,0
4,1,4225.700000,3.462176,0.027299,28.681152,0,0
4,2,4225.800000,3.465076,-0.054766,28.526315,0,0
4,3,4225.900000,3.463873,-0.100817,28.714716,0,0
4,4,4226.000000,3.452508,-0.012785,0.000000,0,0
4,5,4226.100000,3.453988,-0.083235,29.171087,0,0
4,6,4226.200000,3.435222,-0.037137,28.609520,0,0
4,7,4226.300000,3.443449,-0.095907,28.651038,0,0
4,8,4226.400000,3.444451,-0.090503,28.022819,0,0
4,9,4226.500000,3.436618,-0.069013,28.639525,0,0
4,10,4226.600000,3.448162,-0.085310,28.959654,0,0
4,11,4226.700000,3.429992,-0.205780,28.398909,0,0
4,12,4226.800000,3.432085,-0.168198,0.000000,0,0
4,13,4226.900000,3.432082,-0.071779,28.977962,0,0
4,14,4227.000000,3.435778,-0.130952,0.000000,0,0
4,15,4227.100000,3.418535,-0.156607,29.078265,0,0
4,16,4227.200000,3.428673,-0.204405,28.611614,0,0
4,17,4227.300000,3.420051,-0.196496,28.664981,0,0
4,18,4227.400000,3.412235,-0.249611,0.000000,0,0
4,19,4227.500000,3.416596,-0.159573,28.915444,0,0
4,20,4227.600000,3.412424,-0.190394,29.550174,0,0
4,21,4227.700000,3.405570,-0.214739,0.000000,0,0
4,22,4227.800000,3.406063,-0.175728,28.573179,0,0
4,23,4227.900000,3.400931,-0.160007,0.000000,0,0
4,24,4228.000000,3.400568,-0.079402,28.757562,0,0
4,25,4228.100000,3.400454,-0.265484,0.000000,0,0
4,26,4228.200000,3.402216,-0.137718,29.114518,0,0
4,27,4228.300000,3.385239,-0.152798,0.000000,0,0
4,28,4228.400000,3.399237,-0.246142,28.591088,0,0
4,29,4228.500000,3.375954,-0.202728,29.185468,0,0
4,30,4228.600000,3.382098,-0.241440,28.957451,0,0
4,31,4228.700000,3.382942,-0.214907,28.614591,0,0
4,32,4228.800000,3.378548,-0.154333,0.000000,0,0
4,33,4228.900000,3.371172,-0.205072,28.369257,0,0
4,34,4229.000000,3.370388,-0.215446,0.000000,0,0
4,35,4229.100000,3.366106,-0.267879,29.623590,0,0
4,36,4229.200000,3.362767,-0.326014,0.000000,0,0
4,37,4229.300000,3.367105,-0.267643,29.636607,0,0
4,38,4229.400000,3.361785,-0.202257,29.253691,0,0
4,39,4229.500000,3.353678,-0.344272,29.306667,0,0
4,40,4229.600000,3.358784,-0.325952,29.600059,0,0
4,41,4229.700000,3.352965,-0.272124,29.130386,0,0
4,42,4229.800000,3.352636,-0.332867,28.970371,0,0
4,43,4229.900000,3.348862,-0.328413,29.345629,0,0
4,44,4230.000000,3.338712,-0.315073,29.481237,0,0
4,45,4230.100000,3.337199,-0.367233,28.910309,0,0
4,46,4230.200000,3.340879,-0.352671,28.847000,0,0
4,47,4230.300000,3.337338,-0.273758,29.114260,0,0
4,48,4230.400000,3.331324,-0.379214,29.331146,0,0
4,49,4230.500000,3.329158,-0.398606,29.330176,0,0
4,50,4230.600000,3.332103,-0.355029,28.672510,0,0
4,51,4230.700000,3.319899,-0.291695,29.682214,0,0
4,52,4230.800000,3.322735,-0.342852,28.925314,0,0
4,53,4230.900000,3.316132,-0.360895,29.047034,0,0
4,54,4231.000000,3.313197,-0.340056,28.864607,0,0
4,55,4231.100000,3.316922,-0.434112,29.953710,0,0
4,56,4231.200000,3.312699,-0.326590,29.225601,0,0
4,57,4231.300000,3.309782,-0.336596,28.906414,0,0
4,58,4231.400000,3.309385,-0.380620,0.000000,0,0
4,59,4231.500000,3.300105,-0.314188,0.000000,0,0
4,60,4231.600000,3.300553,-0.425131,0.000000,0,0
4,61,4231.700000,3.292734,-0.316575,29.448384,0,0
4,62,4231.800000,3.293049,-0.369401,28.957135,0,0
4,63,4231.900000,3.287921,-0.398049,29.065327,0,0
5,0,4232.000000,3.286199,-0.386250,28.618575,0,0
5,1,4232.100000,3.285833,-0.394594,28.832850,0,0
5,2,4232.200000,3.275909,-0.332130,29.780679,0,0
5,3,4232.300000,3.287605,-0.450829,29.739131,0,0
5,4,4232.400000,3.269256,-0.438909,29.274709,0,0
5,5,4232.500000,3.265358,-0.352693,0.000000,0,0
5,6,4232.600000,3.274362,-0.437946,0.000000,0,0
5,7,4232.700000,3.269673,-0.366740,0.000000,0,0
5,8,4232.800000,3.265978,-0.330326,29.304586,0,0
5,9,4232.900000,3.263142,-0.438854,29.258216,0,0
5,10,4233.000000,3.257082,-0.388096,0.000000,0,0
5,11,4233.100000,3.249799,-0.483182,0.000000,0,0
5,12,4233.200000,3.251808,-0.391027,29.364658,0,0
5,13,4233.300000,3.245186,-0.421991,29.541251,0,0
5,14,4233.400000,3.250590,-0.411440,29.644768,0,0
5,15,4233.500000,3.242122,-0.470432,29.459613,0,0
5,16,4233.600000,3.235873,-0.524200,29.059837,0,0
5,17,4233.700000,3.235536,-0.418906,28.952777,0,0
5,18,4233.800000,3.236350,-0.550091,0.000000,0,0
5,19,4233.900000,3.228610,-0.465570,29.322568,0,0
5,20,4234.000000,3.224460,-0.405354,29.407751,0,0
5,21,4234.100000,3.226933,-0.445458,29.384263,0,0
5,22,4234.200000,3.224082,-0.360203,30.171654,0,0
5,23,4234.300000,3.217465,-0.408860,29.004973,0,0
5,24,4234.400000,3.214788,-0.495234,28.814472,0,0
5,25,4234.500000,3.215446,-0.463523,0.000000,0,0
5,26,4234.600000,3.204188,-0.469533,29.313230,0,0
5,27,4234.700000,3.201534,-0.548476,0.000000,0,0
5,28,4234.800000,3.202122,-0.518515,29.615847,0,0
5,29,4234.900000,3.201790,-0.501587,29.833111,0,0
5,30,4235.000000,3.201555,-0.577339,29.002865,0,0
5,31,4235.100000,3.214043,-0.475058,29.295127,0,0
5,32,4235.200000,3.217622,-0.491714,29.597835,0,0
5,33,4235.300000,3.219200,-0.564659,29.707367,0,0
5,34,4235.400000,3.226572,-0.462480,30.141240,0,0
5,35,4235.500000,3.228321,-0.448498,29.776849,0,0
5,36,4235.600000,3.239907,-0.474464,29.479990,0,0
5,37,4235.700000,3.245223,-0.503467,29.236740,0,0
5,38,4235.800000,3.254947,-0.459062,29.341383,0,0
5,39,4235.900000,3.255864,-0.455917,29.339614,0,0
5,40,4236.000000,3.269263,-0.475773,29.720705,0,0
5,41,4236.100000,3.280997,-0.533513,29.607900,0,0
5,42,4236.200000,3.279456,-0.479513,29.140327,0,0
5,43,4236.300000,3.288675,-0.434552,29.413228,0,0
5,44,4236.400000,3.296784,-0.525062,29.813794,0,0
5,45,4236.500000,3.297994,-0.391160,0.000000,0,0
5,46,4236.600000,3.307787,-0.523087,0.000000,0,0
5,47,4236.700000,3.313396,-0.495855,29.684731,0,0
5,48,4236.800000,3.320488,-0.531691,30.064135,0,0
5,49,4236.900000,3.322802,-0.487416,29.653325,0,0
5,50,4237.000000,3.333456,-0.586124,29.472966,0,0
5,51,4237.100000,3.342490,-0.526671,29.320262,0,0
5,52,4237.200000,3.353922,-0.554251,0.000000,0,0
5,53,4237.300000,3.358130,-0.493075,0.000000,0,0
5,54,4237.400000,3.370766,-0.450238,29.558077,0,0
5,55,4237.500000,3.362830,-0.467700,29.557646,0,0
5,56,4237.600000,3.377695,-0.618543,29.216045,0,0
5,57,4237.700000,3.380917,-0.397739,0.000000,0,0
5,58,4237.800000,3.397616,-0.484881,0.000000,0,0
5,59,4237.900000,3.389292,-0.538193,29.712291,0,0
5,60,4238.000000,3.395801,-0.491157,29.679419,0,0
5,61,4238.100000,3.403670,-0.489770,29.746546,0,0
5,62,4238.200000,3.402714,-0.531409,29.688144,0,0
5,63,4238.300000,3.417371,-0.487580,30.038882,0,0
6,0,4238.400000,3.422871,-0.527179,29.708673,0,0
6,1,4238.500000,3.434085,-0.516275,0.000000,0,0
6,2,4238.600000,3.441709,-0.529545,30.171788,0,0
6,3,4238.700000,3.456048,-0.565959,0.000000,0,0
6,4,4238.800000,3.458085,-0.486051,29.516893,0,0
6,5,4238.900000,3.457115,-0.463017,29.323039,0,0
6,6,4239.000000,3.462175,-0.465399,29.823178,0,0
6,7,4239.100000,3.475793,-0.448931,0.000000,0,0
6,8,4239.200000,3.473399,-0.472417,30.187197,0,0
6,9,4239.300000,3.495824,-0.513900,29.616385,0,0
6,10,4239.400000,3.499231,-0.443833,29.474101,0,0
6,11,4239.500000,3.497654,-0.552167,29.999166,0,0
6,12,4239.600000,3.498101,-0.527724,0.000000,0,0
6,13,4239.700000,3.520103,-0.529224,29.791105,0,0
6,14,4239.800000,3.519427,-0.425258,29.948388,0,0
6,15,4239.900000,3.532856,-0.430293,29.739099,0,0
6,16,4240.000000,3.525361,-0.451163,0.000000,0,0
6,17,4240.100000,3.537003,-0.419953,30.109610,0,0
6,18,4240.200000,3.546693,-0.515459,29.952492,0,0
6,19,4240.300000,3.553568,-0.451937,29.718851,0,0
6,20,4240.400000,3.557750,-0.473423,30.180031,0,0
6,21,4240.500000,3.569781,-0.422544,29.069508,0,0
6,22,4240.600000,3.567995,-0.468300,30.399182,0,0
6,23,4240.700000,3.579288,-0.479363,29.276321,0,0
6,24,4240.800000,3.587268,-0.430575,29.604481,0,0
6,25,4240.900000,3.595906,-0.411245,29.784787,0,0
6,26,4241.000000,3.603558,-0.485831,29.757524,0,0
6,27,4241.100000,3.601043,-0.452756,0.000000,0,0
6,28,4241.200000,3.605663,-0.499843,29.492787,0,0
6,29,4241.300000,3.626388,-0.568971,29.892632,0,0
6,30,4241.400000,3.628328,-0.431123,29.645155,0,0
6,31,4241.500000,3.629591,-0.407708,0.000000,0,0
6,32,4241.600000,3.647756,-0.421989,29.807477,0,0
6,33,4241.700000,3.647245,-0.529440,29.858862,0,0
6,34,4241.800000,3.659230,-0.446306,29.670030,0,0
6,35,4241.900000,3.660338,-0.536415,29.685966,0,0
6,36,4242.000000,3.676970,-0.353679,29.929098,0,0
6,37,4242.100000,3.682110,-0.473067,30.129913,0,0
6,38,4242.200000,3.678755,-0.352528,29.671149,0,0
6,39,4242.300000,3.691525,-0.364473,29.593790,0,0
6,40,4242.400000,3.696560,-0.453199,30.042197,0,0
6,41,4242.500000,3.706843,-0.461148,0.000000,0,0
6,42,4242.600000,3.701842,-0.383265,30.114642,0,0
6,43,4242.700000,3.716764,-0.439211,0.000000,0,0
6,44,4242.800000,3.725292,-0.388020,29.338803,0,0
6,45,4242.900000,3.717873,-0.413373,29.716232,0,0
6,46,4243.000000,3.727417,-0.474315,29.649678,0,0
6,47,4243.100000,3.729804,-0.492745,29.859350,0,0
6,48,4243.200000,3.745320,-0.365791,0.000000,0,0
6,49,4243.300000,3.756921,-0.401048,30.111952,0,0
6,50,4243.400000,3.767512,-0.396411,29.806459,0,0
6,51,4243.500000,3.767037,-0.329691,29.941256,0,0
6,52,4243.600000,3.781476,-0.301482,29.946566,0,0
6,53,4243.700000,3.773099,-0.369395,29.960875,0,0
6,54,4243.800000,3.778150,-0.368355,0.000000,0,0
6,55,4243.900000,3.793056,-0.321820,30.061649,0,0
6,56,4244.000000,3.801920,-0.410120,29.672740,0,0
6,57,4244.100000,3.806503,-0.326509,30.334181,0,0
6,58,4244.200000,3.802996,-0.305412,29.846265,0,0
6,59,4244.300000,3.819554,-0.294281,29.526583,0,0
6,60,4244.400000,3.820144,-0.420366,0.000000,0,0
6,61,4244.500000,3.836682,-0.356780,0.000000,0,0
6,62,4244.600000,3.841833,-0.357759,30.127823,0,0
6,63,4244.700000,3.841967,-0.303935,0.000000,0,0
7,0,4244.800000,3.850764,-0.279928,29.697458,0,0
7,1,4244.900000,3.854704,-0.224117,30.035672,0,0
7,2,4245.000000,3.866353,-0.318641,29.411790,0,0
7,3,4245.100000,3.878109,-0.313665,30.077046,0,0
7,4,4245.200000,3.875071,-0.226151,29.677545,0,0
7,5,4245.300000,3.889187,-0.263609,29.758144,0,0
7,6,4245.400000,3.890682,-0.209815,29.617495,0,0
7,7,4245.500000,3.896036,-0.253477,30.169764,0,0
7,8,4245.600000,3.906132,-0.320443,30.254498,0,0
7,9,4245.700000,3.908157,-0.323876,0.000000,0,0
7,10,4245.800000,3.917232,-0.329387,29.697210,0,0
7,11,4245.900000,3.920677,-0.213261,30.435437,0,0
7,12,4246.000000,3.943157,-0.181447,29.735450,0,0
7,13,4246.100000,3.940176,-0.142884,29.313908,0,0
7,14,4246.200000,3.943168,-0.187635,30.101930,0,0
7,15,4246.300000,3.954403,-0.166050,29.634827,0,0
7,16,4246.400000,3.959438,-0.247559,30.264639,0,0
7,17,4246.500000,3.965562,-0.270710,0.000000,0,0
7,18,4246.600000,3.976404,-0.164684,0.000000,0,0
7,19,4246.700000,3.983788,-0.180569,30.393604,0,0
7,20,4246.800000,3.984014,-0.190315,29.612097,0,0
7,21,4246.900000,3.990454,-0.170521,29.806526,0,0
7,22,4247.000000,3.998625,-0.167903,29.955109,0,0
7,23,4247.100000,3.995157,-0.114015,30.440529,0,0
7,24,4247.200000,4.005757,-0.107572,0.000000,0,0
7,25,4247.300000,4.026834,-0.139199,29.803672,0,0
7,26,4247.400000,4.034892,-0.118182,0.000000,0,0
7,27,4247.500000,4.032088,-0.128805,29.811418,0,0
7,28,4247.600000,4.042883,-0.171579,30.031552,0,0
7,29,4247.700000,4.048223,-0.104681,29.521492,0,0
7,30,4247.800000,4.068728,-0.206201,30.652362,0,0
7,31,4247.900000,4.065598,-0.077726,29.584810,0,0
7,32,4248.000000,4.066027,-0.184071,0.000000,0,0
7,33,4248.100000,4.068556,-0.103959,29.981351,0,0
7,34,4248.200000,4.071968,-0.154393,30.565814,0,0
7,35,4248.300000,4.087684,-0.078334,29.595417,0,0
7,36,4248.400000,4.089552,-0.101551,30.588796,0,0
7,37,4248.500000,4.092889,-0.173428,30.221602,0,0
7,38,4248.600000,4.103434,-0.066477,30.120293,0,0
7,39,4248.700000,4.107926,-0.110215,29.700441,0,0
7,40,4248.800000,4.128436,-0.031055,30.167790,0,0
7,41,4248.900000,4.131075,-0.068829,29.779969,0,0
7,42,4249.000000,4.133293,-0.042896,30.377531,0,0
7,43,4249.100000,4.147400,-0.104307,0.000000,0,0
7,44,4249.200000,4.147054,-0.079647,29.964473,0,0
7,45,4249.300000,4.149027,-0.066858,29.832209,0,0
7,46,4249.400000,4.167616,0.005172,29.702855,0,0
7,47,4249.500000,4.169361,0.052474,30.221779,0,0
7,48,4249.600000,4.168147,-0.065381,30.160243,0,0
7,49,4249.700000,4.179048,0.034997,0.000000,0,0
7,50,4249.800000,4.182289,-0.121049,29.465939,0,0
7,51,4249.900000,4.186419,-0.065992,30.319227,0,0
7,52,4250.000000,4.204631,-0.047939,0.000000,0,0
7,53,4250.100000,4.206690,-0.061342,29.864483,0,0
7,54,4250.200000,4.187293,-0.066614,0.000000,0,0
7,55,4250.300000,4.194243,0.039495,29.920830,0,0
7,56,4250.400000,4.185318,0.014419,29.587882,0,0
7,57,4250.500000,4.183279,0.050366,29.907693,0,0
7,58,4250.600000,4.179895,0.072187,30.313573,0,0
7,59,4250.700000,4.175680,0.057206,29.747338,0,0
7,60,4250.800000,4.177385,0.083069,29.818319,0,0
7,61,4250.900000,4.170131,0.052952,30.176063,0,0
7,62,4251.000000,4.172781,0.003317,0.000000,0,0
7,63,4251.100000,4.168320,0.121786,30.172402,0,0
8,0,4251.200000,4.164520,0.045657,30.067796,0,0
8,1,4251.300000,4.158319,0.034539,30.139718,0,0
8,2,4251.400000,4.157116,0.078616,29.865474,0,0
8,3,4251.500000,4.160920,0.048050,30.063969,0,0
8,4,4251.600000,4.156790,0.078983,29.715473,0,0
8,5,4251.700000,4.146541,0.123206,30.379401,0,0
8,6,4251.800000,4.149068,0.129552,0.000000,0,0
8,7,4251.900000,4.149471,0.073358,30.329750,0,0
8,8,4252.000000,4.134510,0.099960,29.920052,0,0
8,9,4252.100000,4.142717,0.184137,30.049722,0,0
8,10,4252.200000,4.133830,0.161296,29.839573,0,0
8,11,4252.300000,4.137139,0.246263,29.682154,0,0
8,12,4252.400000,4.127612,0.207527,29.462366,0,0
8,13,4252.500000,4.119547,0.211723,29.667989,0,0
8,14,4252.600000,4.117577,0.091078,0.000000,0,0
8,15,4252.700000,4.123098,0.204603,30.045587,0,0
8,16,4252.800000,4.121299,0.169666,30.283782,0,0
8,17,4252.900000,4.112621,0.150657,29.845536,0,0
8,18,4253.000000,4.117479,0.192463,29.713222,0,0
8,19,4253.100000,4.103121,0.237150,29.543493,0,0
8,20,4253.200000,4.108241,0.220728,30.118774,0,0
8,21,4253.300000,4.099659,0.157530,30.388112,0,0
8,22,4253.400000,4.099598,0.244311,30.351403,0,0
8,23,4253.500000,4.100237,0.181010,30.182785,0,0
8,24,4253.600000,4.092841,0.229392,30.159620,0,0
8,25,4253.700000,4.092363,0.209024,30.475546,0,0
8,26,4253.800000,4.096460,0.218847,0.000000,0,0
8,27,4253.900000,4.085687,0.273664,30.156357,0,0
8,28,4254.000000,4.089893,0.188867,29.864338,0,0
8,29,4254.100000,4.077209,0.343623,29.549967,0,0
8,30,4254.200000,4.082649,0.160757,29.751383,0,0
8,31,4254.300000,4.084351,0.227336,29.951699,0,0
8,32,4254.400000,4.061927,0.281098,29.970543,0,0
8,33,4254.500000,4.067444,0.297129,30.528004,0,0
8,34,4254.600000,4.071457,0.268173,29.972264,0,0
8,35,4254.700000,4.064699,0.275568,30.299247,0,0
8,36,4254.800000,4.064713,0.304162,29.812736,0,0
8,37,4254.900000,4.056980,0.277233,29.847372,0,0
8,38,4255.000000,4.057576,0.363552,29.539739,0,0
8,39,4255.100000,4.053507,0.340920,29.713262,0,0
8,40,4255.200000,4.057267,0.347606,30.091524,0,0
8,41,4255.300000,4.049844,0.260622,29.933119,0,0
8,42,4255.400000,4.047402,0.309876,30.211105,0,0
8,43,4255.500000,4.040798,0.303689,29.979923,0,0
8,44,4255.600000,4.037562,0.273248,29.817086,0,0
8,45,4255.700000,4.034980,0.346301,30.564537,0,0
8,46,4255.800000,4.036258,0.306124,29.889055,0,0
8,47,4255.900000,4.029324,0.370437,30.263256,0,0
8,48,4256.000000,4.030020,0.288764,29.791073,0,0
8,49,4256.100000,4.036091,0.432779,30.121348,0,0
8,50,4256.200000,4.027213,0.306508,0.000000,0,0
8,51,4256.300000,4.018370,0.366733,29.964936,0,0
8,52,4256.400000,4.023149,0.399747,29.192930,0,0
8,53,4256.500000,4.012245,0.335952,29.901590,0,0
8,54,4256.600000,4.001238,0.411380,30.262043,0,0
8,55,4256.700000,4.003531,0.311511,0.000000,0,0
8,56,4256.800000,3.996360,0.449732,0.000000,0,0
8,57,4256.900000,4.001100,0.381929,29.366309,0,0
8,58,4257.000000,4.000092,0.355436,0.000000,0,0
8,59,4257.100000,4.005525,0.374272,29.999540,0,0
8,60,4257.200000,3.995920,0.433590,29.995749,0,0
8,61,4257.300000,3.990333,0.367772,30.233488,0,0
8,62,4257.400000,3.992718,0.363316,0.000000,0,0
8,63,4257.500000,3.974659,0.393432,29.983597,0,0
9,0,4257.600000,3.984035,0.349322,29.863071,0,0
9,1,4257.700000,3.983854,0.502793,0.000000,0,0
9,2,4257.800000,3.969750,0.386978,29.173896,0,0
9,3,4257.900000,3.980004,0.460345,29.976101,0,0
9,4,4258.000000,3.973121,0.432637,29.895100,0,0
9,5,4258.100000,3.966495,0.376271,29.653533,0,0
9,6,4258.200000,3.968878,0.428466,29.349256,0,0
9,7,4258.300000,3.974211,0.471162,30.019904,0,0
9,8,4258.400000,3.960909,0.425679,29.747132,0,0
9,9,4258.500000,3.958384,0.497809,29.989850,0,0
9,10,4258.600000,3.951989,0.492221,30.377833,0,0
9,11,4258.700000,3.947179,0.490014,29.171973,0,0
9,12,4258.800000,3.952723,0.423938,29.600258,0,0
9,13,4258.900000,3.941434,0.395711,0.000000,0,0
9,14,4259.000000,3.943215,0.421734,30.237916,0,0
9,15,4259.100000,3.937612,0.464865,29.306141,0,0
9,16,4259.200000,3.939538,0.484910,30.373367,0,0
9,17,4259.300000,3.935954,0.351537,29.828865,0,0
9,18,4259.400000,3.936616,0.462133,29.754760,0,0
9,19,4259.500000,3.926021,0.472793,29.719547,0,0
9,20,4259.600000,3.924365,0.453287,29.643444,0,0
9,21,4259.700000,3.917963,0.533931,30.084068,0,0
9,22,4259.800000,3.917779,0.492584,29.444340,0,0
9,23,4259.900000,3.919029,0.539059,29.863737,0,0
9,24,4260.000000,3.918071,0.464730,29.640028,0,0
9,25,4260.100000,3.906818,0.524306,29.521765,0,0
9,26,4260.200000,3.912919,0.561014,30.521273,0,0
9,27,4260.300000,3.912492,0.546599,29.866225,0,0
9,28,4260.400000,3.904924,0.428084,29.919471,0,0
9,29,4260.500000,3.909384,0.471608,30.071760,0,0
9,30,4260.600000,3.893274,0.468558,29.298910,0,0
9,31,4260.700000,3.888062,0.511726,0.000000,0,0
9,32,4260.800000,3.882535,0.522952,28.962266,0,0
9,33,4260.900000,3.896052,0.447983,0.000000,0,0
9,34,4261.000000,3.888986,0.494536,29.566694,0,0
9,35,4261.100000,3.882579,0.391286,29.873577,0,0
9,36,4261.200000,3.881400,0.565440,29.759285,0,0
9,37,4261.300000,3.871515,0.468707,29.638188,0,0
9,38,4261.400000,3.886514,0.498024,29.679150,0,0
9,39,4261.500000,3.872075,0.480575,29.383813,0,0
9,40,4261.600000,3.869118,0.554107,29.222475,0,0
9,41,4261.700000,3.869343,0.355600,29.883977,0,0
9,42,4261.800000,3.865262,0.497236,29.868467,0,0
9,43,4261.900000,3.861119,0.493289,30.129990,0,0
9,44,4262.000000,3.853190,0.476332,29.411877,0,0
9,45,4262.100000,3.856643,0.585680,29.850922,0,0
9,46,4262.200000,3.860839,0.455278,29.552114,0,0
9,47,4262.300000,3.855299,0.538432,29.988471,0,0
9,48,4262.400000,3.853680,0.517773,29.931975,0,0
9,49,4262.500000,3.840301,0.563076,29.682760,0,0
9,50,4262.600000,3.835052,0.466601,0.000000,0,0
9,51,4262.700000,3.836514,0.463194,29.895564,0,0
9,52,4262.800000,3.834564,0.554448,0.000000,0,0
9,53,4262.900000,3.836900,0.520635,0.000000,0,0
9,54,4263.000000,3.820109,0.421766,29.190434,0,0
9,55,4263.100000,3.833362,0.471614,0.000000,0,0
9,56,4263.200000,3.822067,0.517386,30.030830,0,0
9,57,4263.300000,3.817866,0.539364,0.000000,0,0
9,58,4263.400000,3.812082,0.462844,29.229760,0,0
9,59,4263.500000,3.806011,0.350345,0.000000,0,0
9,60,4263.600000,3.815544,0.521392,0.000000,0,0
9,61,4263.700000,3.808938,0.433310,29.203308,0,0
9,62,4263.800000,3.799264,0.392476,29.690211,0,0
9,63,4263.900000,3.796382,0.350666,29.345980,0,0
