window_id,t,timestamp,accel_x,accel_y,accel_z,gyro_x,gyro_y,gyro_z,label,mode
0,0,840.000000,9.810000,0.009934,-0.017270,-0.000165,0.005874,0.004397,0,0
0,1,840.020000,9.822558,0.007271,0.006887,-0.001764,-0.008892,0.000950,0,0
0,2,840.040000,9.835067,0.000000,0.015212,0.000645,-0.000635,-0.003059,0,0
0,3,840.060000,9.847476,0.060165,0.031308,0.005831,0.001294,-0.000070,0,0
0,4,840.080000,9.859738,0.034454,0.001026,0.009394,0.002077,0.004685,0,0
0,5,840.100000,9.871803,0.043493,0.046079,0.006600,0.003389,0.012774,0,0
0,6,840.120000,9.883625,0.088311,-0.014773,0.004994,0.006023,0.001951,0,0
0,7,840.140000,9.895156,0.080054,0.030911,0.012707,0.003269,0.009060,0,0
0,8,840.160000,9.906351,0.062641,0.036951,0.004377,0.002073,0.004032,0,0
0,9,840.180000,9.917165,0.000000,0.061530,0.011811,0.002333,0.006829,0,0
0,10,840.200000,9.927557,0.075164,0.050354,0.005922,0.001760,0.014422,0,0
0,11,840.220000,9.937485,0.000000,0.021695,0.010213,0.009189,0.011197,0,0
0,12,840.240000,9.946909,0.000000,0.028882,0.008175,0.002440,0.001656,0,0
0,13,840.260000,9.955794,0.058273,0.050227,0.009135,0.010313,0.005444,0,0
0,14,840.280000,9.964103,0.064170,0.041295,0.008186,0.006566,0.014983,0,0
0,15,840.300000,9.971803,0.000000,0.026943,0.017441,0.004239,0.009758,0,0
0,16,840.320000,9.978866,0.000000,0.023684,0.007681,0.010295,0.003599,0,0
0,17,840.340000,9.985261,0.000000,0.041243,0.008257,0.003905,0.005490,0,0
0,18,840.360000,9.990965,0.079003,0.010365,0.023159,0.011054,0.013290,0,0
0,19,840.380000,9.995955,0.066053,0.011886,0.018021,0.009227,0.014877,0,0
0,20,840.400000,10.000211,0.000000,0.049665,0.001765,0.005462,0.010070,0,0
0,21,840.420000,10.003717,0.081237,-0.029730,0.011404,0.011345,0.022376,0,0
0,22,840.440000,10.006457,0.081507,-0.045788,0.005690,0.011671,0.014082,0,0
0,23,840.460000,10.008423,0.000000,-0.000375,0.010495,0.014940,0.008649,0,0
0,24,840.480000,10.009605,0.000000,-0.036552,0.000033,0.014174,0.005638,0,0
0,25,840.500000,10.010000,0.000000,-0.035754,0.015495,0.011967,0.004636,0,0
0,26,840.520000,10.009605,0.027342,-0.050756,0.010902,0.004016,0.010928,0,0
0,27,840.540000,10.008423,0.048952,-0.045274,0.017319,0.022016,0.006495,0,0
0,28,840.560000,10.006457,0.020082,-0.012144,0.009278,0.002849,0.016944,0,0
0,29,840.580000,10.003717,0.000000,-0.031107,0.018177,0.014682,0.015495,0,0
0,30,840.600000,10.000211,0.000499,-0.031870,0.016022,0.012137,0.010870,0,0
0,31,840.620000,9.995955,0.039559,-0.078289,0.025914,0.004128,0.001308,0,0
0,32,840.640000,9.990965,-0.007803,-0.072704,0.025743,0.009371,0.003299,0,0
0,33,840.660000,9.985261,-0.038657,-0.105051,0.022869,0.009568,0.012358,0,0
0,34,840.680000,9.978866,-0.010844,-0.061950,0.017537,0.016433,0.002649,0,0
0,35,840.700000,9.971803,-0.061229,-0.023082,0.029299,0.006256,0.010428,0,0
0,36,840.720000,9.964103,-0.041781,-0.027374,0.011780,0.008407,0.006517,0,0
0,37,840.740000,9.955794,-0.093833,-0.036783,0.012673,-0.002095,0.003705,0,0
0,38,840.760000,9.946909,0.000000,-0.026705,0.019390,0.018104,-0.000785,0,0
0,39,840.780000,9.937485,-0.066328,-0.033346,0.031169,0.003898,0.001526,0,0
0,40,840.800000,9.927557,-0.062282,-0.008339,0.018949,0.010683,0.002202,0,0
0,41,840.820000,9.917165,-0.079632,0.010299,0.019077,0.008316,0.005665,0,0
0,42,840.840000,9.906351,0.000000,-0.029806,0.012789,0.008085,-0.004680,0,0
0,43,840.860000,9.895156,-0.098530,0.015978,0.024704,0.012355,-0.002318,0,0
0,44,840.880000,9.883625,-0.125423,0.035881,0.024689,0.016372,-0.001526,0,0
0,45,840.900000,9.871803,-0.112626,0.015786,0.023788,0.008963,0.000826,0,0
0,46,840.920000,9.859738,-0.108826,0.044411,0.016588,0.010651,-0.007752,0,0
0,47,840.940000,9.847476,0.000000,0.092309,0.016064,0.008671,-0.010497,0,0
0,48,840.960000,9.835067,-0.092489,0.038730,0.012967,0.011748,-0.001226,0,0
0,49,840.980000,9.822558,-0.132988,0.052558,0.019660,0.003962,-0.012841,0,0
0,50,841.000000,9.810000,-0.088624,0.032792,0.013619,0.011255,0.000547,0,0
0,51,841.020000,9.797442,-0.099226,0.052959,0.012888,0.011016,-0.007250,0,0
0,52,841.040000,9.784933,-0.100557,0.059201,0.016383,0.010449,-0.014764,0,0
0,53,841.060000,9.772524,-0.069400,0.053420,0.015756,0.001295,-0.009945,0,0
0,54,841.080000,9.760262,-0.054805,0.027532,0.015187,0.003302,-0.006120,0,0
0,55,841.100000,9.748197,-0.049829,0.049369,0.019858,0.004879,-0.011107,0,0
0,56,841.120000,9.736375,-0.077577,0.070774,0.017546,-0.003645,-0.008723,0,0
0,57,841.140000,9.724844,-0.058702,0.045848,0.015310,0.010704,-0.005452,0,0
0,58,841.160000,9.713649,-0.037086,0.050624,0.017242,0.002181,-0.010441,0,0
0,59,841.180000,9.702835,-0.014953,0.020441,0.010922,0.003170,-0.014339,0,0
0,60,841.200000,9.692443,-0.034452,0.033404,0.015937,-0.001632,-0.011318,0,0
0,61,841.220000,9.682515,-0.018736,0.016799,0.015672,-0.005881,-0.002862,0,0
0,62,841.240000,9.673091,0.000000,-0.015252,0.006891,-0.002769,-0.001568,0,0
0,63,841.260000,9.664206,-0.018900,0.002604,0.018852,0.000845,-0.020093,0,0
1,0,841.280000,9.655897,0.031273,-0.031047,0.008913,0.002614,-0.004481,0,0
1,1,841.300000,9.648197,0.051994,-0.031064,0.013200,-0.000444,-0.008572,0,0
1,2,841.320000,9.641134,0.033024,-0.021395,0.017981,-0.000017,-0.005034,0,0
1,3,841.340000,9.634739,0.063782,-0.025440,0.016180,-0.003928,-0.012182,0,0
1,4,841.360000,9.629035,0.059750,-0.060660,0.011100,-0.000248,-0.017994,0,0
1,5,841.380000,9.624045,0.047891,-0.020450,0.008476,0.004205,-0.005900,0,0
1,6,841.400000,9.619789,0.075683,-0.033801,0.014373,-0.000157,-0.013148,0,0
1,7,841.420000,9.616283,0.106186,-0.062021,0.012341,-0.000096,-0.014957,0,0
1,8,841.440000,9.613543,0.080917,-0.080275,0.005196,-0.003126,-0.014135,0,0
1,9,841.460000,9.611577,0.000000,-0.052894,0.003621,-0.012552,-0.004022,0,0
1,10,841.480000,9.610395,0.039129,-0.058253,-0.003469,-0.010687,-0.005773,0,0
1,11,841.500000,9.610000,0.111544,-0.045290,0.006950,-0.003603,-0.001966,0,0
1,12,841.520000,9.610395,0.099468,-0.051954,0.005046,-0.006332,-0.001906,0,0
1,13,841.540000,9.611577,0.093381,-0.080966,0.010411,-0.004461,-0.006700,0,0
1,14,841.560000,9.613543,0.101827,-0.043782,0.005789,0.001356,-0.004266,0,0
1,15,841.580000,9.616283,0.059862,-0.036509,0.009924,-0.003745,-0.005767,0,0
1,16,841.600000,9.619789,0.093835,-0.011414,-0.000980,-0.001411,-0.003539,0,0
1,17,841.620000,9.624045,0.102994,-0.031196,0.007448,-0.007542,-0.006587,0,0
1,18,841.640000,9.629035,0.122066,0.023588,-0.001640,-0.012342,0.000949,0,0
1,19,841.660000,9.634739,0.077864,-0.040745,0.004139,-0.008865,0.005124,0,0
1,20,841.680000,9.641134,0.066890,0.031241,-0.007796,-0.012847,-0.003581,0,0
1,21,841.700000,9.648197,0.067016,0.007948,-0.000080,-0.001257,0.007660,0,0
1,22,841.720000,9.655897,0.088573,0.036760,-0.011931,-0.005299,0.002565,0,0
1,23,841.740000,9.664206,0.069344,0.027855,-0.004091,-0.006827,0.003935,0,0
1,24,841.760000,9.673091,0.044044,0.055144,-0.001299,-0.003406,-0.005051,0,0
1,25,841.780000,9.682515,0.056223,0.029965,-0.006845,-0.019817,-0.004893,0,0
1,26,841.800000,9.692443,0.038754,0.020244,-0.010226,-0.006882,0.005538,0,0
1,27,841.820000,9.702835,0.046668,0.074172,-0.001470,-0.016458,0.009413,0,0
1,28,841.840000,9.713649,0.003461,0.045999,-0.006936,-0.009998,0.002722,0,0
1,29,841.860000,9.724844,0.000979,0.054112,-0.009576,-0.011551,0.015011,0,0
1,30,841.880000,9.736375,-0.010355,0.074660,-0.007618,-0.006691,0.010878,0,0
1,31,841.900000,9.748197,-0.041804,0.028475,0.004668,-0.008839,0.003163,0,0
1,32,841.920000,9.760262,-0.016505,0.059059,-0.003424,-0.003211,0.008318,0,0
1,33,841.940000,9.772524,-0.026873,0.032317,-0.004042,-0.012876,0.020960,0,0
1,34,841.960000,9.784933,-0.041335,0.037435,-0.008326,-0.006227,0.002726,0,0
1,35,841.980000,9.797442,-0.055054,0.036578,-0.010305,-0.008843,0.011892,0,0
1,36,842.000000,9.810000,0.000000,-0.000615,-0.023736,-0.017687,0.007897,0,0
1,37,842.020000,9.822558,-0.075014,0.007402,-0.015752,-0.013936,0.013251,0,0
1,38,842.040000,9.835067,0.000000,0.043069,-0.015344,-0.009902,0.016203,0,0
1,39,842.060000,9.847476,-0.096202,0.026475,-0.022881,-0.003377,0.008030,0,0
1,40,842.080000,9.859738,-0.088978,0.000004,-0.019840,-0.006383,0.015594,0,0
1,41,842.100000,9.871803,-0.082402,-0.001404,-0.024484,-0.014281,0.021086,0,0
1,42,842.120000,9.883625,-0.056575,-0.019532,-0.015277,-0.008865,0.010236,0,0
1,43,842.140000,9.895156,0.000000,0.006413,-0.011475,0.002226,0.013697,0,0
1,44,842.160000,9.906351,-0.093895,-0.031327,-0.010497,-0.006986,0.006633,0,0
1,45,842.180000,9.917165,-0.101418,-0.028664,-0.014397,-0.008840,0.009440,0,0
1,46,842.200000,9.927557,-0.138178,-0.015605,-0.021704,-0.004387,0.008165,0,0
1,47,842.220000,9.937485,-0.099199,-0.058424,-0.026939,-0.002654,0.012687,0,0
1,48,842.240000,9.946909,-0.095334,-0.015078,-0.026430,-0.008360,0.014329,0,0
1,49,842.260000,9.955794,-0.044168,-0.079191,-0.024333,-0.003160,0.007315,0,0
1,50,842.280000,9.964103,-0.093231,-0.017214,-0.022749,-0.006896,0.015043,0,0
1,51,842.300000,9.971803,-0.078402,-0.057355,-0.019394,-0.001221,0.014496,0,0
1,52,842.320000,9.978866,0.000000,-0.053717,-0.023931,-0.003523,0.010511,0,0
1,53,842.340000,9.985261,-0.095404,-0.084517,-0.017402,-0.001504,0.003093,0,0
1,54,842.360000,9.990965,-0.041849,-0.052605,-0.020469,-0.007242,0.001977,0,0
1,55,842.380000,9.995955,-0.041688,-0.060111,-0.019438,-0.007077,0.000309,0,0
1,56,842.400000,10.000211,-0.032355,-0.046380,-0.013944,0.002241,0.008427,0,0
1,57,842.420000,10.003717,0.000000,-0.031110,-0.025674,-0.002394,-0.003088,0,0
1,58,842.440000,10.006457,0.000000,-0.002700,-0.017779,-0.000077,0.005627,0,0
1,59,842.460000,10.008423,-0.048008,-0.010700,-0.020013,-0.002536,-0.003903,0,0
1,60,842.480000,10.009605,0.001701,-0.001358,-0.021653,0.003991,0.004871,0,0
1,61,842.500000,10.010000,0.043809,-0.021910,-0.015574,-0.003039,0.000086,0,0
1,62,842.520000,10.009605,-0.009775,-0.010104,-0.015591,-0.000176,0.005915,0,0
1,63,842.540000,10.008423,0.008645,0.050827,-0.024676,0.004934,0.004205,0,0
2,0,842.560000,10.006457,0.031697,0.007152,-0.020783,0.007367,0.004933,0,0
2,1,842.580000,10.003717,0.029068,0.061488,-0.018367,-0.000622,0.004334,0,0
2,2,842.600000,10.000211,0.017162,0.029366,-0.021011,0.012285,-0.002963,0,0
2,3,842.620000,9.995955,0.000000,0.039360,-0.016565,0.004537,-0.010165,0,0
2,4,842.640000,9.990965,0.043460,0.064916,-0.017902,-0.001768,-0.010299,0,0
2,5,842.660000,9.985261,0.081503,0.072154,-0.009934,0.005759,-0.016107,0,0
2,6,842.680000,9.978866,0.060240,0.046647,-0.026511,0.002456,-0.011695,0,0
2,7,842.700000,9.971803,0.115431,0.042136,-0.019208,0.006988,-0.006501,0,0
2,8,842.720000,9.964103,0.073719,0.048688,-0.022847,0.005037,-0.010173,0,0
2,9,842.740000,9.955794,0.086992,0.055341,-0.014968,0.006044,-0.008764,0,0
2,10,842.760000,9.946909,0.000000,0.064080,-0.025732,0.001521,-0.005842,0,0
2,11,842.780000,9.937485,0.074051,0.042961,-0.015547,0.011421,-0.010222,0,0
2,12,842.800000,9.927557,0.000000,0.050903,-0.020037,0.001065,-0.014657,0,0
2,13,842.820000,9.917165,0.000000,0.066068,-0.020141,0.001659,-0.009609,0,0
2,14,842.840000,9.906351,0.066896,0.034946,-0.023264,0.009379,-0.014078,0,0
2,15,842.860000,9.895156,0.000000,0.026952,-0.017895,0.015877,-0.011127,0,0
2,16,842.880000,9.883625,0.099497,-0.016731,-0.009663,0.006400,-0.003191,0,0
2,17,842.900000,9.871803,0.106119,-0.046348,-0.014705,0.011948,-0.011333,0,0
2,18,842.920000,9.859738,0.061014,0.006511,-0.010915,0.014069,-0.001144,0,0
2,19,842.940000,9.847476,0.053748,-0.010648,-0.005183,0.013012,-0.002803,0,0
2,20,842.960000,9.835067,0.084190,-0.026343,-0.011622,0.007596,-0.012763,0,0
2,21,842.980000,9.822558,0.072541,-0.018108,-0.015151,0.003888,-0.015272,0,0
2,22,843.000000,9.810000,0.063788,-0.030597,-0.009419,-0.001527,-0.009773,0,0
2,23,843.020000,9.797442,0.057291,-0.012577,-0.013859,0.008340,-0.003484,0,0
2,24,843.040000,9.784933,0.027837,-0.038356,-0.013026,0.015663,-0.011389,0,0
2,25,843.060000,9.772524,0.000000,-0.059053,-0.017454,0.004246,-0.004035,0,0
2,26,843.080000,9.760262,0.028289,-0.027346,-0.004560,0.013437,-0.002121,0,0
2,27,843.100000,9.748197,-0.001754,-0.053457,-0.010446,0.005230,-0.011575,0,0
2,28,843.120000,9.736375,0.039828,-0.039434,-0.006917,0.010530,-0.010583,0,0
2,29,843.140000,9.724844,0.001944,-0.059229,-0.012308,0.013532,-0.003097,0,0
2,30,843.160000,9.713649,0.000000,-0.061266,-0.004239,0.006664,-0.005320,0,0
2,31,843.180000,9.702835,-0.014164,-0.044079,-0.009510,0.010757,-0.008894,0,0
2,32,843.200000,9.692443,-0.056306,-0.041960,-0.005682,0.007747,-0.006578,0,0
2,33,843.220000,9.682515,-0.030216,-0.028116,0.000149,0.013242,-0.004496,0,0
2,34,843.240000,9.673091,0.000000,-0.037726,0.000453,0.010762,-0.011271,0,0
2,35,843.260000,9.664206,-0.079183,-0.062986,-0.002866,0.009712,0.001099,0,0
2,36,843.280000,9.655897,-0.050997,-0.028224,-0.010848,0.017043,-0.004391,0,0
2,37,843.300000,9.648197,0.000000,0.003442,0.013708,0.012360,-0.015172,0,0
2,38,843.320000,9.641134,-0.066618,-0.010966,0.008227,0.005371,-0.000622,0,0
2,39,843.340000,9.634739,0.000000,-0.002415,0.003865,0.008146,-0.003457,0,0
2,40,843.360000,9.629035,-0.097415,0.029713,-0.002761,0.007926,0.009448,0,0
2,41,843.380000,9.624045,-0.110927,0.002993,0.001189,0.008417,-0.001177,0,0
2,42,843.400000,9.619789,-0.116019,-0.006768,-0.000210,0.020328,-0.003001,0,0
2,43,843.420000,9.616283,-0.115930,0.027184,0.009572,0.009229,0.005749,0,0
2,44,843.440000,9.613543,-0.101534,0.026332,0.005307,-0.003153,0.000611,0,0
2,45,843.460000,9.611577,-0.092538,0.021492,0.000809,0.003946,0.000699,0,0
2,46,843.480000,9.610395,-0.092193,0.041185,0.003105,-0.003385,0.007799,0,0
2,47,843.500000,9.610000,-0.078562,0.057383,0.011786,0.004229,0.000676,0,0
2,48,843.520000,9.610395,-0.091264,0.049149,0.014893,-0.004473,-0.000816,0,0
2,49,843.540000,9.611577,-0.057948,0.056136,0.015237,0.000678,0.015656,0,0
2,50,843.560000,9.613543,-0.086927,0.085791,0.012073,-0.003008,0.010440,0,0
2,51,843.580000,9.616283,-0.021022,0.041069,0.007705,0.006065,0.006695,0,0
2,52,843.600000,9.619789,0.000000,0.050808,-0.006572,0.003684,0.008426,0,0
2,53,843.620000,9.624045,-0.077936,0.031346,0.011775,0.004724,0.011352,0,0
2,54,843.640000,9.629035,-0.073935,0.019948,0.010919,0.002207,0.014019,0,0
2,55,843.660000,9.634739,-0.034062,0.019686,0.012251,-0.004729,0.005650,0,0
2,56,843.680000,9.641134,-0.038934,0.015606,0.012428,0.004318,0.011485,0,0
2,57,843.700000,9.648197,-0.010589,0.025596,0.006117,0.010864,0.007289,0,0
2,58,843.720000,9.655897,-0.005558,0.058195,0.016107,0.002799,0.008991,0,0
2,59,843.740000,9.664206,-0.006481,-0.010555,0.017034,-0.001878,0.010796,0,0
2,60,843.760000,9.673091,-0.011911,-0.012099,0.017818,-0.007392,0.009960,0,0
2,61,843.780000,9.682515,-0.015274,-0.012476,0.019652,-0.005294,0.013614,0,0
2,62,843.800000,9.692443,0.015939,-0.010490,0.018431,0.001012,0.012258,0,0
2,63,843.820000,9.702835,0.051592,-0.019910,0.013830,0.003615,0.002113,0,0
3,0,843.840000,9.713649,0.000000,-0.005703,0.015973,-0.000938,0.002641,0,0
3,1,843.860000,9.724844,0.027603,-0.085403,0.017206,0.001270,0.007304,0,0
3,2,843.880000,9.736375,0.064257,-0.089268,0.017689,0.000329,0.017966,0,0
3,3,843.900000,9.748197,0.076161,-0.055159,0.022517,-0.001149,0.004185,0,0
3,4,843.920000,9.760262,0.057748,-0.025980,0.021095,-0.007436,0.006975,0,0
3,5,843.940000,9.772524,0.084708,-0.080836,0.028589,-0.003726,0.004861,0,0
3,6,843.960000,9.784933,0.088183,-0.110149,0.029534,-0.009278,0.004256,0,0
3,7,843.980000,9.797442,0.068665,-0.037911,0.019173,-0.005377,0.007362,0,0
3,8,844.000000,9.810000,0.102261,-0.042680,-0.000162,-0.004224,0.012882,0,0
3,9,844.020000,9.822558,0.000000,-0.066496,0.025425,0.002117,0.007532,0,0
3,10,844.040000,9.835067,0.121022,-0.060528,0.016731,-0.013209,0.000578,0,0
3,11,844.060000,9.847476,0.121068,-0.055410,0.015590,-0.004619,0.017680,0,0
3,12,844.080000,9.859738,0.072060,-0.028186,0.017741,0.000031,0.003602,0,0
3,13,844.100000,9.871803,0.000000,-0.036614,0.017609,-0.003911,-0.000399,0,0
3,14,844.120000,9.883625,0.106153,-0.007351,0.022984,-0.003851,0.008811,0,0
3,15,844.140000,9.895156,0.102783,-0.067078,0.012178,-0.005367,-0.001342,0,0
3,16,844.160000,9.906351,0.098530,-0.019649,0.014610,-0.002084,0.008566,0,0
3,17,844.180000,9.917165,0.160114,-0.017503,0.021709,-0.014260,-0.004856,0,0
3,18,844.200000,9.927557,0.088469,0.007308,0.023075,-0.015978,0.005897,0,0
3,19,844.220000,9.937485,0.092976,0.008808,0.023107,-0.009282,-0.000992,0,0
3,20,844.240000,9.946909,0.081849,0.042216,0.015874,-0.020236,0.003726,0,0
3,21,844.260000,9.955794,0.067667,-0.004834,0.014800,-0.003432,0.006062,0,0
3,22,844.280000,9.964103,0.039653,0.038622,0.017012,-0.003613,-0.009807,0,0
3,23,844.300000,9.971803,0.051992,0.053383,0.020571,-0.011990,0.001561,0,0
3,24,844.320000,9.978866,0.011839,0.082895,0.026598,-0.011758,-0.012508,0,0
3,25,844.340000,9.985261,0.012766,0.038634,0.008705,-0.010323,-0.011315,0,0
3,26,844.360000,9.990965,-0.002175,0.056170,0.017583,-0.009733,-0.010677,0,0
3,27,844.380000,9.995955,-0.000876,0.013887,0.011741,-0.009363,-0.004685,0,0
3,28,844.400000,10.000211,0.033760,0.001275,0.009835,-0.007189,-0.007540,0,0
3,29,844.420000,10.003717,-0.059772,0.064045,0.022598,-0.010799,-0.008999,0,0
3,30,844.440000,10.006457,-0.018369,0.044003,0.020127,-0.005151,-0.007844,0,0
3,31,844.460000,10.008423,-0.073692,0.063649,0.019267,-0.007543,-0.005982,0,0
3,32,844.480000,10.009605,-0.059801,0.007664,0.021217,-0.012689,-0.005910,0,0
3,33,844.500000,10.010000,-0.037000,0.039787,0.013782,-0.002835,-0.004040,0,0
3,34,844.520000,10.009605,-0.065316,0.060355,0.013563,-0.016135,-0.000616,0,0
3,35,844.540000,10.008423,-0.095306,0.024441,0.026178,-0.009613,-0.009974,0,0
3,36,844.560000,10.006457,-0.094463,0.014283,0.013517,-0.004104,-0.012567,0,0
3,37,844.580000,10.003717,0.000000,0.001428,0.017906,-0.012317,-0.006932,0,0
3,38,844.600000,10.000211,-0.105090,-0.037684,0.013723,-0.006896,-0.015702,0,0
3,39,844.620000,9.995955,-0.089970,0.013464,0.003890,-0.005447,-0.013298,0,0
3,40,844.640000,9.990965,-0.096252,-0.032936,0.002331,-0.012166,-0.004776,0,0
3,41,844.660000,9.985261,0.000000,-0.017230,0.009063,-0.007905,-0.010206,0,0
3,42,844.680000,9.978866,-0.057050,-0.064561,0.016626,-0.007986,-0.015384,0,0
3,43,844.700000,9.971803,-0.087124,-0.062115,0.014658,-0.009604,-0.016497,0,0
3,44,844.720000,9.964103,-0.139171,-0.014175,0.014643,0.005038,-0.008458,0,0
3,45,844.740000,9.955794,0.000000,-0.053200,0.004479,-0.009895,-0.002596,0,0
3,46,844.760000,9.946909,-0.106669,-0.019516,0.016822,-0.000648,-0.002220,0,0
3,47,844.780000,9.937485,0.000000,-0.051371,0.003234,-0.007216,-0.006821,0,0
3,48,844.800000,9.927557,-0.100283,-0.086739,0.008427,-0.010251,0.003199,0,0
3,49,844.820000,9.917165,-0.080924,-0.031022,0.006605,-0.003857,-0.006801,0,0
3,50,844.840000,9.906351,-0.061931,-0.058514,0.005071,-0.000668,-0.006366,0,0
3,51,844.860000,9.895156,-0.047390,-0.029535,0.011910,0.001156,-0.017873,0,0
3,52,844.880000,9.883625,-0.080733,-0.038810,0.000960,0.004841,-0.006608,0,0
3,53,844.900000,9.871803,-0.054865,-0.065090,-0.003000,0.012239,0.000579,0,0
3,54,844.920000,9.859738,-0.048636,-0.025078,0.003104,-0.000745,0.004849,0,0
3,55,844.940000,9.847476,-0.042771,0.022069,0.000258,-0.004818,-0.006394,0,0
3,56,844.960000,9.835067,0.015338,-0.004992,0.018393,0.001261,0.000809,0,0
3,57,844.980000,9.822558,-0.001937,-0.008662,0.004136,-0.001834,0.004481,0,0
3,58,845.000000,9.810000,0.000000,0.021507,-0.002047,0.004630,0.000056,0,0
3,59,845.020000,9.797442,0.028393,0.011725,-0.006034,-0.005983,-0.010663,0,0
3,60,845.040000,9.784933,0.062414,0.019043,-0.010908,0.012845,0.002739,0,0
3,61,845.060000,9.772524,0.050353,0.000023,-0.007383,0.005782,0.006050,0,0
3,62,845.080000,9.760262,0.008750,0.033040,-0.002430,-0.006423,-0.001767,0,0
3,63,845.100000,9.748197,0.038491,0.054936,0.003389,-0.001058,0.002410,0,0
4,0,845.120000,9.736375,0.082065,0.022593,0.001123,0.007051,-0.001406,0,0
4,1,845.140000,9.724844,0.050552,0.071999,-0.004071,0.009328,-0.007815,0,0
4,2,845.160000,9.713649,0.080907,0.044882,-0.007557,-0.002447,0.010808,0,0
4,3,845.180000,9.702835,0.094122,0.031108,-0.005312,0.007936,0.006258,0,0
4,4,845.200000,9.692443,0.065894,0.069854,-0.009956,-0.004919,0.014834,0,0
4,5,845.220000,9.682515,0.088194,0.044071,0.000534,0.004805,0.011662,0,0
4,6,845.240000,9.673091,0.028608,0.063772,-0.009688,0.011233,0.006092,0,0
4,7,845.260000,9.664206,0.076050,0.040419,-0.009846,0.003322,0.007890,0,0
4,8,845.280000,9.655897,0.093617,0.041680,-0.021152,-0.001064,0.011533,0,0
4,9,845.300000,9.648197,0.074847,0.048397,-0.011694,0.007577,0.013883,0,0
4,10,845.320000,9.641134,0.132577,0.039119,-0.007163,0.004179,0.010957,0,0
4,11,845.340000,9.634739,0.070443,-0.012591,-0.017297,0.010690,0.015113,0,0
4,12,845.360000,9.629035,0.000000,-0.001706,-0.016307,0.003436,0.008289,0,0
4,13,845.380000,9.624045,0.096914,0.032236,-0.009168,0.004300,0.004919,0,0
4,14,845.400000,9.619789,0.119308,0.003624,-0.021074,-0.001662,0.009656,0,0
4,15,845.420000,9.616283,0.057035,-0.011731,-0.008942,0.009552,0.011025,0,0
4,16,845.440000,9.613543,0.000000,-0.035923,-0.017411,0.008134,0.003954,0,0
4,17,845.460000,9.611577,0.073956,-0.037642,-0.017192,0.003210,0.003183,0,0
4,18,845.480000,9.610395,0.046971,-0.063415,-0.021345,0.010312,0.011953,0,0
4,19,845.500000,9.610000,0.068021,-0.031415,-0.014290,0.014646,0.007479,0,0
4,20,845.520000,9.610395,0.054344,-0.047101,-0.004313,0.008576,0.008422,0,0
4,21,845.540000,9.611577,0.029433,-0.059410,-0.013112,0.011114,0.007140,0,0
4,22,845.560000,9.613543,0.033490,-0.045477,-0.021725,0.011233,0.016178,0,0
4,23,845.580000,9.616283,0.000000,-0.039870,-0.012085,0.003914,0.014472,0,0
4,24,845.600000,9.619789,0.014804,-0.007250,-0.019680,0.020263,0.001518,0,0
4,25,845.620000,9.624045,0.015756,-0.080202,-0.011532,0.007645,0.004539,0,0
4,26,845.640000,9.629035,0.024188,-0.026493,-0.014653,0.013273,0.010910,0,0
4,27,845.660000,9.634739,-0.042259,-0.028807,-0.033658,0.013807,0.009089,0,0
4,28,845.680000,9.641134,0.015365,-0.061344,-0.024191,0.009207,0.005257,0,0
4,29,845.700000,9.648197,-0.075854,-0.038152,-0.014650,0.012857,-0.000870,0,0
4,30,845.720000,9.655897,-0.048994,-0.046865,-0.018787,0.010945,0.000731,0,0
4,31,845.740000,9.664206,-0.042873,-0.028639,-0.024810,0.002497,0.000863,0,0
4,32,845.760000,9.673091,0.000000,0.003924,-0.022977,0.007769,0.004114,0,0
4,33,845.780000,9.682515,-0.082719,-0.007457,-0.029430,0.006188,0.010516,0,0
4,34,845.800000,9.692443,-0.081214,-0.002262,-0.020402,0.006740,-0.002181,0,0
4,35,845.820000,9.702835,0.000000,-0.013624,-0.008940,0.002303,-0.004628,0,0
4,36,845.840000,9.713649,-0.100016,-0.027169,-0.015974,0.014207,-0.000794,0,0
4,37,845.860000,9.724844,-0.075516,0.005816,-0.009023,0.016316,0.004155,0,0
4,38,845.880000,9.736375,0.000000,0.041364,-0.015511,0.012906,-0.008985,0,0
4,39,845.900000,9.748197,-0.112087,-0.006456,-0.014705,0.014058,0.004781,0,0
4,40,845.920000,9.760262,-0.081621,0.009295,-0.009863,0.005652,-0.004070,0,0
4,41,845.940000,9.772524,-0.093846,0.038541,-0.017711,0.003845,-0.007585,0,0
4,42,845.960000,9.784933,-0.083104,0.021124,-0.020369,0.002767,-0.012597,0,0
4,43,845.980000,9.797442,-0.085134,0.028842,-0.014077,0.009497,-0.001719,0,0
4,44,846.000000,9.810000,0.000000,0.039081,-0.011752,0.007013,-0.006734,0,0
4,45,846.020000,9.822558,-0.102728,0.022022,-0.021175,0.005078,-0.005617,0,0
4,46,846.040000,9.835067,-0.072073,0.030514,-0.022109,0.011512,-0.011531,0,0
4,47,846.060000,9.847476,-0.069427,0.063592,-0.017508,0.006621,-0.009138,0,0
4,48,846.080000,9.859738,-0.075843,0.021779,-0.013719,-0.000050,-0.010449,0,0
4,49,846.100000,9.871803,-0.066108,0.013284,-0.013536,0.000277,-0.008946,0,0
4,50,846.120000,9.883625,-0.035240,0.028929,-0.024271,0.006619,-0.012171,0,0
4,51,846.140000,9.895156,-0.064349,0.051515,-0.007193,0.007938,-0.016823,0,0
4,52,846.160000,9.906351,-0.032770,0.027446,-0.019533,0.005001,0.004213,0,0
4,53,846.180000,9.917165,-0.038508,0.015890,-0.017205,0.011235,-0.016471,0,0
4,54,846.200000,9.927557,-0.029223,0.019293,-0.019924,0.009428,-0.008916,0,0
4,55,846.220000,9.937485,0.000000,-0.023701,-0.001427,0.002958,-0.018796,0,0
4,56,846.240000,9.946909,0.011484,0.013660,-0.013196,-0.003942,-0.019978,0,0
4,57,846.260000,9.955794,0.021295,0.003902,-0.018128,-0.006801,-0.009504,0,0
4,58,846.280000,9.964103,0.000000,-0.019400,-0.009001,-0.002690,-0.009064,0,0
4,59,846.300000,9.971803,0.025289,0.001712,-0.008903,0.002513,-0.003515,0,0
4,60,846.320000,9.978866,0.048103,-0.047731,-0.013097,0.007383,-0.007656,0,0
4,61,846.340000,9.985261,0.037506,-0.008826,-0.007348,-0.000155,-0.010179,0,0
4,62,846.360000,9.990965,0.059001,-0.033786,-0.015054,0.003114,-0.013900,0,0
4,63,846.380000,9.995955,0.058190,-0.048261,-0.012753,-0.004436,-0.001328,0,0
5,0,846.400000,10.000211,0.070395,-0.045639,-0.019686,-0.000567,-0.003799,0,0
5,1,846.420000,10.003717,0.000000,-0.050071,-0.015587,-0.000027,-0.014247,0,0
5,2,846.440000,10.006457,0.065270,-0.025117,0.000751,-0.014494,-0.007353,0,0
5,3,846.460000,10.008423,0.128866,-0.071530,0.000612,-0.007103,-0.006306,0,0
5,4,846.480000,10.009605,0.071404,-0.064585,-0.006564,-0.000715,-0.008199,0,0
5,5,846.500000,10.010000,0.070822,-0.026827,0.002134,-0.004506,-0.002019,0,0
5,6,846.520000,10.009605,0.120889,-0.056603,-0.006259,-0.012259,-0.001093,0,0
5,7,846.540000,10.008423,0.115194,-0.022806,-0.005947,-0.018811,-0.005548,0,0
5,8,846.560000,10.006457,0.112475,-0.002027,-0.003712,-0.008855,-0.005318,0,0
5,9,846.580000,10.003717,0.112180,-0.038432,-0.003877,-0.007733,0.004285,0,0
5,10,846.600000,10.000211,0.097984,-0.010460,-0.003583,-0.012125,0.002177,0,0
5,11,846.620000,9.995955,0.077907,-0.040306,0.003960,-0.007300,-0.001388,0,0
5,12,846.640000,9.990965,0.000000,0.005109,-0.000254,-0.005774,-0.009150,0,0
5,13,846.660000,9.985261,0.000000,0.001476,0.003311,-0.005222,0.001469,0,0
5,14,846.680000,9.978866,0.102562,0.014479,0.005660,-0.020603,0.003993,0,0
5,15,846.700000,9.971803,0.074110,-0.000477,0.003197,-0.015620,-0.012519,0,0
5,16,846.720000,9.964103,0.053755,-0.013653,-0.002844,-0.010774,0.003256,0,0
5,17,846.740000,9.955794,0.000000,0.036324,-0.004009,-0.006569,0.000646,0,0
5,18,846.760000,9.946909,0.062898,-0.008915,0.004244,-0.007139,0.002342,0,0
5,19,846.780000,9.937485,0.000000,0.031366,0.003384,-0.007357,-0.000393,0,0
5,20,846.800000,9.927557,0.020368,0.061040,0.005411,-0.011740,0.004077,0,0
5,21,846.820000,9.917165,0.032169,0.049600,0.005620,-0.011543,0.012424,0,0
5,22,846.840000,9.906351,0.000000,0.087236,0.019337,-0.013603,0.003847,0,0
5,23,846.860000,9.895156,-0.002606,0.070183,0.000477,-0.006152,0.011488,0,0
5,24,846.880000,9.883625,-0.011934,0.036887,-0.002122,-0.014602,0.003171,0,0
5,25,846.900000,9.871803,-0.007892,0.049661,0.010177,-0.005730,0.011499,0,0
5,26,846.920000,9.859738,-0.051389,0.046202,0.007309,-0.008897,0.008172,0,0
5,27,846.940000,9.847476,-0.060244,0.012471,0.011435,-0.010092,0.010335,0,0
5,28,846.960000,9.835067,-0.055806,0.021270,0.013423,-0.013056,0.008974,0,0
5,29,846.980000,9.822558,0.000000,0.023917,0.017558,-0.016432,0.012459,0,0
5,30,847.000000,9.810000,-0.052560,-0.011335,0.004220,-0.012749,-0.003327,0,0
5,31,847.020000,9.797442,-0.037094,0.023929,0.009574,-0.010993,0.002617,0,0
5,32,847.040000,9.784933,-0.056598,0.011066,0.015085,-0.020998,0.011952,0,0
5,33,847.060000,9.772524,-0.083355,-0.024707,0.017359,-0.009925,-0.000256,0,0
5,34,847.080000,9.760262,-0.086133,0.009341,0.025020,-0.004080,0.007346,0,0
5,35,847.100000,9.748197,-0.110533,0.008051,0.019358,-0.005607,0.009709,0,0
5,36,847.120000,9.736375,-0.094669,-0.009107,0.014801,-0.010644,0.005764,0,0
5,37,847.140000,9.724844,-0.102936,-0.027200,0.011117,-0.007628,0.006315,0,0
5,38,847.160000,9.713649,-0.092592,-0.015491,0.013210,-0.010323,0.010943,0,0
5,39,847.180000,9.702835,-0.116474,-0.019696,0.013507,-0.006459,0.014390,0,0
5,40,847.200000,9.692443,-0.089416,-0.032378,0.020163,0.000855,0.004256,0,0
5,41,847.220000,9.682515,-0.068014,-0.059369,0.018563,-0.001628,0.005827,0,0
5,42,847.240000,9.673091,0.000000,-0.040722,0.011028,-0.003475,0.004650,0,0
5,43,847.260000,9.664206,-0.085399,-0.024672,0.015809,-0.008137,-0.004244,0,0
5,44,847.280000,9.655897,-0.075581,-0.061739,0.022693,-0.001502,0.008084,0,0
5,45,847.300000,9.648197,0.000000,-0.007943,0.020354,-0.013252,0.011519,0,0
5,46,847.320000,9.641134,-0.074147,-0.059376,0.021703,-0.005633,0.011360,0,0
5,47,847.340000,9.634739,-0.071779,-0.046068,0.021012,-0.000995,0.001319,0,0
5,48,847.360000,9.629035,-0.062752,-0.056959,0.027440,0.000256,-0.001222,0,0
5,49,847.380000,9.624045,-0.072187,-0.034849,0.020671,0.000379,0.004479,0,0
5,50,847.400000,9.619789,-0.047685,-0.069072,0.017716,-0.001013,0.007828,0,0
5,51,847.420000,9.616283,-0.029177,-0.039284,0.015194,-0.002976,0.003745,0,0
5,52,847.440000,9.613543,-0.000681,-0.043698,0.021120,0.001188,0.003689,0,0
5,53,847.460000,9.611577,-0.000786,-0.012145,0.007740,-0.005768,0.007211,0,0
5,54,847.480000,9.610395,0.033027,0.012378,0.019064,-0.004726,-0.002942,0,0
5,55,847.500000,9.610000,-0.015347,0.012920,0.018971,0.000309,-0.001100,0,0
5,56,847.520000,9.610395,0.000000,-0.039922,0.013163,0.001368,0.007420,0,0
5,57,847.540000,9.611577,0.023638,0.055693,0.015302,-0.008124,-0.002486,0,0
5,58,847.560000,9.613543,0.000000,0.027761,0.023921,0.003778,-0.008579,0,0
5,59,847.580000,9.616283,0.022971,0.012833,0.020927,0.005861,-0.006317,0,0
5,60,847.600000,9.619789,0.031381,0.037370,0.020155,0.002100,-0.008372,0,0
5,61,847.620000,9.624045,0.044739,0.042838,0.021022,0.014843,-0.002585,0,0
5,62,847.640000,9.629035,0.022228,0.030172,0.019771,0.000032,-0.009516,0,0
5,63,847.660000,9.634739,0.061516,0.050675,0.025312,0.002108,-0.004318,0,0
6,0,847.680000,9.641134,0.000000,0.036714,0.019477,0.002396,-0.009957,0,0
6,1,847.700000,9.648197,0.087441,0.041814,0.011304,0.004437,-0.017462,0,0
6,2,847.720000,9.655897,0.096219,0.036081,0.026455,0.003608,-0.005842,0,0
6,3,847.740000,9.664206,0.130956,0.019928,0.019840,-0.001361,-0.007121,0,0
6,4,847.760000,9.673091,0.115547,0.049171,0.014700,0.003347,-0.005717,0,0
6,5,847.780000,9.682515,0.087131,0.054582,0.011011,0.005982,-0.012067,0,0
6,6,847.800000,9.692443,0.000000,0.048823,0.018866,0.012988,-0.012946,0,0
6,7,847.820000,9.702835,0.109767,0.049699,0.015885,0.018214,-0.007336,0,0
6,8,847.840000,9.713649,0.072641,0.033807,0.023902,0.014220,-0.001990,0,0
6,9,847.860000,9.724844,0.000000,0.010064,0.013840,0.003986,-0.009717,0,0
6,10,847.880000,9.736375,0.117888,0.030441,0.010898,0.004684,-0.007782,0,0
6,11,847.900000,9.748197,0.081099,-0.020884,0.019058,0.007647,-0.011588,0,0
6,12,847.920000,9.760262,0.000000,-0.019270,0.018679,0.017625,-0.017717,0,0
6,13,847.940000,9.772524,0.107234,-0.028035,0.014350,0.008111,-0.005124,0,0
6,14,847.960000,9.784933,0.071461,0.005554,0.016323,0.002515,-0.005325,0,0
6,15,847.980000,9.797442,0.000000,-0.004123,0.012169,0.006837,-0.006162,0,0
6,16,848.000000,9.810000,0.026890,-0.019643,0.012925,0.013296,-0.010420,0,0
6,17,848.020000,9.822558,0.038375,-0.013694,0.016962,0.013104,-0.006265,0,0
6,18,848.040000,9.835067,0.041542,-0.057664,0.013630,0.008772,-0.004470,0,0
6,19,848.060000,9.847476,0.033034,-0.037143,0.009008,0.013284,-0.000474,0,0
6,20,848.080000,9.859738,0.013426,-0.049653,0.015953,-0.001430,-0.003221,0,0
6,21,848.100000,9.871803,0.024990,-0.032177,-0.003309,0.010499,-0.007386,0,0
6,22,848.120000,9.883625,-0.018839,-0.052269,0.018088,0.014303,-0.013744,0,0
6,23,848.140000,9.895156,-0.010380,-0.057379,-0.001402,0.005829,-0.005882,0,0
6,24,848.160000,9.906351,-0.015096,-0.037451,0.003283,0.005780,-0.004796,0,0
6,25,848.180000,9.917165,0.000000,-0.028239,0.005496,0.000572,-0.001919,0,0
6,26,848.200000,9.927557,-0.022580,-0.055583,0.004241,0.017772,0.001952,0,0
6,27,848.220000,9.937485,-0.068451,-0.038934,0.009272,0.006116,-0.004620,0,0
6,28,848.240000,9.946909,-0.085322,-0.053522,-0.001789,0.010790,0.007059,0,0
6,29,848.260000,9.955794,-0.037216,-0.076220,0.004060,0.012449,-0.011526,0,0
6,30,848.280000,9.964103,-0.063619,-0.015559,-0.000884,0.016811,0.000100,0,0
6,31,848.300000,9.971803,-0.092021,-0.000256,0.002732,0.008279,-0.005246,0,0
6,32,848.320000,9.978866,-0.052037,0.000223,0.000179,0.006126,-0.010039,0,0
6,33,848.340000,9.985261,-0.085916,-0.036479,0.000213,0.009441,-0.000758,0,0
6,34,848.360000,9.990965,-0.068922,0.002969,-0.003755,0.014726,-0.006282,0,0
6,35,848.380000,9.995955,0.000000,-0.027135,-0.004307,0.007165,0.000943,0,0
6,36,848.400000,10.000211,-0.057014,0.051482,-0.001070,0.002931,0.002661,0,0
6,37,848.420000,10.003717,-0.064507,0.008675,0.001466,-0.000329,0.008802,0,0
6,38,848.440000,10.006457,-0.104971,0.061124,-0.006986,0.000920,-0.003624,0,0
6,39,848.460000,10.008423,-0.079930,0.059734,-0.009074,0.010982,0.009138,0,0
6,40,848.480000,10.009605,-0.084819,0.026680,-0.002392,0.004674,0.005742,0,0
6,41,848.500000,10.010000,0.000000,0.024897,-0.006343,0.002840,0.011022,0,0
6,42,848.520000,10.009605,0.000000,0.056342,-0.002740,0.001884,0.004312,0,0
6,43,848.540000,10.008423,-0.073297,0.033110,-0.012125,0.005461,0.000365,0,0
6,44,848.560000,10.006457,-0.060465,0.051573,-0.017185,0.003399,0.001455,0,0
6,45,848.580000,10.003717,-0.110600,0.038270,-0.011633,0.002778,0.001557,0,0
6,46,848.600000,10.000211,-0.092120,0.009618,-0.013467,0.010428,0.010832,0,0
6,47,848.620000,9.995955,-0.101578,-0.003080,-0.010683,0.010900,0.016208,0,0
6,48,848.640000,9.990965,-0.057906,0.041409,-0.014112,-0.005321,0.006328,0,0
6,49,848.660000,9.985261,-0.029361,0.020153,-0.007846,0.003881,0.012576,0,0
6,50,848.680000,9.978866,-0.004417,0.014119,-0.013599,-0.002134,0.002037,0,0
6,51,848.700000,9.971803,-0.023387,0.032324,-0.011996,0.000012,0.010724,0,0
6,52,848.720000,9.964103,0.017550,0.034682,-0.012532,0.002300,0.013279,0,0
6,53,848.740000,9.955794,-0.032626,-0.001685,-0.012898,-0.000812,0.002752,0,0
6,54,848.760000,9.946909,-0.029043,-0.010578,-0.014527,0.000901,0.008973,0,0
6,55,848.780000,9.937485,0.013912,-0.001211,-0.012366,0.002612,0.013516,0,0
6,56,848.800000,9.927557,0.032550,-0.045545,-0.019389,0.000220,-0.004846,0,0
6,57,848.820000,9.917165,0.033810,-0.020718,-0.008883,-0.004984,0.016331,0,0
6,58,848.840000,9.906351,0.002363,-0.020347,-0.017509,-0.005389,0.011198,0,0
6,59,848.860000,9.895156,0.050735,-0.023271,-0.023308,-0.009928,0.012736,0,0
6,60,848.880000,9.883625,0.034704,-0.080265,-0.016210,-0.007479,0.006759,0,0
6,61,848.900000,9.871803,0.081848,-0.060468,-0.021782,0.006129,-0.000170,0,0
6,62,848.920000,9.859738,0.082757,-0.065491,-0.014550,-0.008104,0.010686,0,0
6,63,848.940000,9.847476,0.062836,-0.047525,-0.007154,-0.010563,0.007130,0,0
7,0,848.960000,9.835067,0.000000,-0.040381,-0.022434,-0.003437,0.007187,0,0
7,1,848.980000,9.822558,0.070340,-0.019400,-0.017113,-0.006016,0.011909,0,0
7,2,849.000000,9.810000,0.093852,-0.057452,-0.027799,-0.006856,0.009688,0,0
7,3,849.020000,9.797442,0.116830,-0.054644,-0.016971,0.000768,0.014858,0,0
7,4,849.040000,9.784933,0.079647,-0.017824,-0.023861,-0.003914,0.005365,0,0
7,5,849.060000,9.772524,0.110073,-0.030084,-0.022721,-0.009676,0.000458,0,0
7,6,849.080000,9.760262,0.089008,-0.005043,-0.025240,-0.009498,0.002267,0,0
7,7,849.100000,9.748197,0.000000,-0.018313,-0.016182,-0.010218,0.004565,0,0
7,8,849.120000,9.736375,0.093712,-0.040374,-0.014886,-0.003642,0.006830,0,0
7,9,849.140000,9.724844,0.071803,-0.036648,-0.019858,-0.009847,-0.006332,0,0
7,10,849.160000,9.713649,0.077156,-0.033542,-0.024321,-0.017541,0.000294,0,0
7,11,849.180000,9.702835,0.000000,0.018259,-0.012046,-0.009065,0.007545,0,0
7,12,849.200000,9.692443,0.116346,0.036206,-0.023713,-0.016733,-0.002454,0,0
7,13,849.220000,9.682515,0.070970,0.056556,-0.030709,0.001670,0.002658,0,0
7,14,849.240000,9.673091,0.048775,0.043121,-0.017517,-0.014258,-0.000264,0,0
7,15,849.260000,9.664206,0.058919,0.055610,-0.025215,-0.010395,0.001333,0,0
7,16,849.280000,9.655897,0.000000,0.026112,-0.014602,-0.008425,-0.008193,0,0
7,17,849.300000,9.648197,0.032393,0.019088,-0.021277,-0.011266,-0.008845,0,0
7,18,849.320000,9.641134,0.039579,0.062764,-0.016152,-0.011355,-0.005363,0,0
7,19,849.340000,9.634739,0.032652,0.056623,-0.011934,-0.007852,-0.013740,0,0
7,20,849.360000,9.629035,-0.003077,0.051829,-0.024731,-0.002362,-0.008009,0,0
7,21,849.380000,9.624045,-0.014029,0.057712,-0.021234,-0.006162,-0.005939,0,0
7,22,849.400000,9.619789,-0.018034,0.055578,-0.018475,-0.002588,0.001218,0,0
7,23,849.420000,9.616283,-0.068465,0.072826,-0.010075,-0.015169,-0.006150,0,0
7,24,849.440000,9.613543,-0.062398,0.070014,-0.020696,-0.008280,-0.005449,0,0
7,25,849.460000,9.611577,-0.014100,0.050963,-0.019992,-0.008996,-0.003116,0,0
7,26,849.480000,9.610395,-0.017463,0.052049,-0.014221,-0.007898,-0.014074,0,0
7,27,849.500000,9.610000,-0.063759,0.039671,-0.019066,-0.002629,-0.010336,0,0
7,28,849.520000,9.610395,0.000000,0.013756,-0.014963,-0.010447,0.002411,0,0
7,29,849.540000,9.611577,0.000000,0.031178,-0.023007,-0.011180,-0.010262,0,0
7,30,849.560000,9.613543,0.000000,-0.019139,-0.003679,-0.006269,-0.004379,0,0
7,31,849.580000,9.616283,-0.063361,0.022334,-0.020969,-0.017593,-0.005181,0,0
7,32,849.600000,9.619789,0.000000,-0.030157,-0.015300,-0.009628,-0.017371,0,0
7,33,849.620000,9.624045,-0.113410,-0.007932,-0.013294,-0.008834,-0.008352,0,0
7,34,849.640000,9.629035,-0.129292,-0.037622,-0.002990,-0.012465,-0.009039,0,0
7,35,849.660000,9.634739,0.000000,-0.016252,-0.018582,-0.002257,-0.007935,0,0
7,36,849.680000,9.641134,-0.115056,-0.033979,-0.001427,-0.012514,-0.013114,0,0
7,37,849.700000,9.648197,0.000000,-0.070421,-0.006931,-0.007525,-0.014633,0,0
7,38,849.720000,9.655897,-0.111600,-0.034462,-0.007987,-0.005005,-0.011082,0,0
7,39,849.740000,9.664206,-0.118169,-0.057812,-0.014337,0.000688,-0.008795,0,0
7,40,849.760000,9.673091,-0.059690,-0.030959,-0.005887,-0.005725,-0.001938,0,0
7,41,849.780000,9.682515,-0.071751,-0.049780,-0.011676,-0.000571,0.001711,0,0
7,42,849.800000,9.692443,-0.084592,-0.041993,-0.001029,-0.001315,0.000138,0,0
7,43,849.820000,9.702835,-0.049030,-0.068015,-0.011512,-0.003754,-0.001976,0,0
7,44,849.840000,9.713649,-0.070484,-0.058503,-0.006507,-0.009361,-0.010694,0,0
7,45,849.860000,9.724844,-0.081931,-0.052682,-0.007993,-0.010619,-0.007081,0,0
7,46,849.880000,9.736375,-0.026264,-0.022180,-0.009423,-0.002438,-0.003322,0,0
7,47,849.900000,9.748197,-0.037397,-0.000680,-0.000041,-0.005200,-0.006843,0,0
7,48,849.920000,9.760262,-0.059882,-0.044467,-0.000327,0.002599,-0.000084,0,0
7,49,849.940000,9.772524,0.000000,-0.000319,0.003788,0.002227,0.001360,0,0
7,50,849.960000,9.784933,-0.037483,-0.058246,-0.010406,-0.001927,0.001179,0,0
7,51,849.980000,9.797442,-0.037692,-0.031395,0.004567,-0.006291,0.004372,0,0
7,52,850.000000,9.810000,0.018524,-0.019176,0.012527,0.002554,-0.004523,0,0
7,53,850.020000,9.822558,0.048225,-0.019539,-0.001504,-0.004587,0.005417,0,0
7,54,850.040000,9.835067,0.000000,-0.016820,0.010982,-0.002789,-0.001976,0,0
7,55,850.060000,9.847476,0.040964,0.030116,0.000941,-0.003395,-0.002462,0,0
7,56,850.080000,9.859738,0.026125,0.024082,-0.003858,0.001305,0.005631,0,0
7,57,850.100000,9.871803,0.000000,0.041815,0.002219,0.008338,0.009761,0,0
7,58,850.120000,9.883625,0.044879,0.053124,0.009726,0.002945,0.006811,0,0
7,59,850.140000,9.895156,0.047426,0.048822,0.001026,0.001230,0.005140,0,0
7,60,850.160000,9.906351,0.073001,0.059872,0.002939,-0.003714,0.007223,0,0
7,61,850.180000,9.917165,0.062010,0.047473,0.009624,0.007132,0.006959,0,0
7,62,850.200000,9.927557,0.089842,0.026161,0.007378,0.000916,0.001216,0,0
7,63,850.220000,9.937485,0.088379,0.070963,0.010981,0.005839,0.001162,0,0
8,0,850.240000,9.946909,0.088654,0.036799,0.009931,0.003902,0.007469,0,0
8,1,850.260000,9.955794,0.000000,0.027542,0.011812,0.010270,0.008705,0,0
8,2,850.280000,9.964103,0.087133,0.039318,0.007911,0.005684,0.008758,0,0
8,3,850.300000,9.971803,0.114910,0.020269,0.011875,0.006551,0.012429,0,0
8,4,850.320000,9.978866,0.000000,0.024952,0.006709,0.009632,0.008266,0,0
8,5,850.340000,9.985261,0.079495,0.034201,0.018400,0.018077,0.012400,0,0
8,6,850.360000,9.990965,0.099150,0.027686,0.009382,0.012305,0.009050,0,0
8,7,850.380000,9.995955,0.109327,-0.004309,0.018776,0.007720,0.019021,0,0
8,8,850.400000,10.000211,0.057095,-0.003487,0.012523,0.008459,0.010384,0,0
8,9,850.420000,10.003717,0.096620,0.020230,0.015241,0.006078,0.021703,0,0
8,10,850.440000,10.006457,0.066904,0.001177,0.012275,0.004188,0.011721,0,0
8,11,850.460000,10.008423,0.085163,0.025454,0.010169,0.006389,0.008798,0,0
8,12,850.480000,10.009605,0.051336,0.000624,0.007002,0.005483,0.005219,0,0
8,13,850.500000,10.010000,0.000000,-0.006503,0.010904,0.012777,0.002296,0,0
8,14,850.520000,10.009605,0.017811,-0.062890,0.014992,0.004298,0.004294,0,0
8,15,850.540000,10.008423,0.042399,-0.024801,0.018079,0.016439,0.004540,0,0
8,16,850.560000,10.006457,0.037289,-0.045177,0.022456,0.013627,0.010549,0,0
8,17,850.580000,10.003717,0.004341,-0.058169,0.015534,0.010039,0.005533,0,0
8,18,850.600000,10.000211,0.025305,-0.045754,0.013687,0.009982,0.008640,0,0
8,19,850.620000,9.995955,0.000000,-0.031060,0.011191,0.007213,0.013613,0,0
8,20,850.640000,9.990965,-0.008854,-0.039664,0.021087,0.011343,0.006221,0,0
8,21,850.660000,9.985261,-0.041723,-0.065839,0.025858,0.015402,0.016475,0,0
8,22,850.680000,9.978866,-0.040332,-0.030913,0.025502,0.006389,-0.000415,0,0
8,23,850.700000,9.971803,-0.035864,-0.054968,0.022921,0.002156,0.004065,0,0
8,24,850.720000,9.964103,-0.063166,-0.033379,0.022738,0.013232,0.001447,0,0
8,25,850.740000,9.955794,-0.062331,-0.038420,0.028179,0.011207,0.008129,0,0
8,26,850.760000,9.946909,-0.042643,-0.030636,0.021470,0.003829,-0.008469,0,0
8,27,850.780000,9.937485,0.000000,-0.004244,0.023130,0.005584,-0.005218,0,0
8,28,850.800000,9.927557,-0.060337,-0.033238,0.018357,0.004753,0.000717,0,0
8,29,850.820000,9.917165,-0.105654,0.033886,0.013183,0.005200,0.008259,0,0
8,30,850.840000,9.906351,-0.077633,-0.033910,0.016579,0.006957,0.000878,0,0
8,31,850.860000,9.895156,-0.063676,-0.001968,0.019929,0.006973,-0.007761,0,0
8,32,850.880000,9.883625,-0.145285,0.024636,0.020227,0.004762,-0.007736,0,0
8,33,850.900000,9.871803,-0.114167,0.035774,0.029474,0.003914,0.005878,0,0
8,34,850.920000,9.859738,-0.088072,0.028387,0.020140,0.006231,-0.006315,0,0
8,35,850.940000,9.847476,0.000000,0.034868,0.025491,0.007865,-0.008629,0,0
8,36,850.960000,9.835067,-0.091938,0.049028,0.017257,0.005079,0.002791,0,0
8,37,850.980000,9.822558,0.000000,0.040071,0.017682,0.012070,-0.000196,0,0
8,38,851.000000,9.810000,-0.093374,0.075416,0.012376,0.008418,0.000492,0,0
8,39,851.020000,9.797442,0.000000,0.066121,0.015063,-0.002490,-0.011221,0,0
8,40,851.040000,9.784933,-0.063663,0.067453,0.021136,0.007655,-0.014652,0,0
8,41,851.060000,9.772524,-0.076546,0.030200,0.018240,0.007624,-0.006877,0,0
8,42,851.080000,9.760262,-0.068673,0.046338,0.022592,0.001970,-0.006340,0,0
8,43,851.100000,9.748197,-0.076692,0.039232,0.018432,-0.003795,-0.006620,0,0
8,44,851.120000,9.736375,-0.070545,0.021418,0.015388,0.003250,-0.001432,0,0
8,45,851.140000,9.724844,-0.061169,0.044079,0.027492,0.002691,-0.017821,0,0
8,46,851.160000,9.713649,-0.035823,0.020632,0.015857,-0.003366,-0.005131,0,0
8,47,851.180000,9.702835,-0.042884,0.038289,0.021695,-0.005506,-0.015137,0,0
8,48,851.200000,9.692443,-0.019073,-0.002998,0.013404,0.000816,-0.005544,0,0
8,49,851.220000,9.682515,0.026485,0.045594,0.018467,-0.000412,-0.012311,0,0
8,50,851.240000,9.673091,0.012398,-0.014160,0.019046,-0.001835,-0.014063,0,0
8,51,851.260000,9.664206,-0.001496,0.000620,0.014916,-0.000668,-0.013042,0,0
8,52,851.280000,9.655897,0.000000,0.004624,0.001548,-0.006267,-0.017164,0,0
8,53,851.300000,9.648197,0.016707,-0.029819,0.012840,-0.003427,-0.009621,0,0
8,54,851.320000,9.641134,-0.006298,-0.008132,0.018311,0.000916,-0.013517,0,0
8,55,851.340000,9.634739,0.023550,-0.055968,0.014189,-0.003993,-0.005498,0,0
8,56,851.360000,9.629035,0.015102,-0.007833,0.013157,-0.011089,-0.005952,0,0
8,57,851.380000,9.624045,0.053763,-0.041247,0.001678,-0.005573,-0.000382,0,0
8,58,851.400000,9.619789,0.068823,-0.057170,0.006033,-0.009032,-0.006612,0,0
8,59,851.420000,9.616283,0.108954,-0.053910,0.011024,-0.002808,-0.005412,0,0
8,60,851.440000,9.613543,0.088172,-0.033345,0.010339,-0.003002,-0.000542,0,0
8,61,851.460000,9.611577,0.082636,-0.061685,0.013669,-0.013330,-0.010165,0,0
8,62,851.480000,9.610395,0.108112,-0.064321,0.006169,-0.001669,-0.013912,0,0
8,63,851.500000,9.610000,0.050883,-0.051984,0.008209,-0.011439,-0.004877,0,0
9,0,851.520000,9.610395,0.102439,-0.068231,0.005541,0.001519,-0.012365,0,0
9,1,851.540000,9.611577,0.000000,-0.004406,-0.000205,-0.006904,0.007674,0,0
9,2,851.560000,9.613543,0.070420,-0.047343,-0.007285,-0.013258,0.003364,0,0
9,3,851.580000,9.616283,0.000000,-0.013764,0.005408,-0.013085,0.007610,0,0
9,4,851.600000,9.619789,0.104999,-0.019898,0.003376,-0.005965,-0.002175,0,0
9,5,851.620000,9.624045,0.000000,-0.036923,-0.001334,-0.009972,0.001003,0,0
9,6,851.640000,9.629035,0.105163,-0.010105,-0.007091,-0.008789,-0.003301,0,0
9,7,851.660000,9.634739,0.133643,0.013168,0.003400,-0.000511,0.004163,0,0
9,8,851.680000,9.641134,0.086697,0.001253,-0.001832,-0.012319,-0.005575,0,0
9,9,851.700000,9.648197,0.082016,0.036297,0.001529,-0.008748,-0.011462,0,0
9,10,851.720000,9.655897,0.000000,0.039999,0.007313,-0.002152,-0.001956,0,0
9,11,851.740000,9.664206,0.045772,0.044637,-0.013463,-0.008077,-0.004548,0,0
9,12,851.760000,9.673091,0.071246,0.023160,-0.006998,-0.017618,0.010836,0,0
9,13,851.780000,9.682515,0.028836,0.016116,-0.005287,-0.007189,0.013222,0,0
9,14,851.800000,9.692443,0.038244,0.029945,0.002300,-0.015638,-0.002197,0,0
9,15,851.820000,9.702835,0.017742,0.049687,-0.013882,-0.002871,0.011923,0,0
9,16,851.840000,9.713649,0.027082,0.059185,0.003260,-0.014076,0.010836,0,0
9,17,851.860000,9.724844,0.014206,0.006249,-0.006449,0.004855,-0.001189,0,0
9,18,851.880000,9.736375,0.018238,0.049802,-0.008307,-0.002662,0.005252,0,0
9,19,851.900000,9.748197,0.000000,0.052276,-0.009506,-0.013963,0.004804,0,0
9,20,851.920000,9.760262,-0.027825,0.041599,-0.011373,-0.009836,0.011903,0,0
9,21,851.940000,9.772524,-0.051670,0.069940,-0.004614,-0.006099,0.002431,0,0
9,22,851.960000,9.784933,-0.050323,0.048514,-0.015846,-0.005854,0.008444,0,0
9,23,851.980000,9.797442,-0.042816,0.061336,-0.009410,-0.007442,0.005821,0,0
9,24,852.000000,9.810000,-0.043639,0.025070,-0.013677,-0.003250,0.011877,0,0
9,25,852.020000,9.822558,-0.085044,0.041729,-0.016168,-0.009958,0.008632,0,0
9,26,852.040000,9.835067,-0.056359,0.048749,-0.000011,-0.010986,0.007191,0,0
9,27,852.060000,9.847476,-0.053044,0.034985,-0.011411,-0.010673,0.008895,0,0
9,28,852.080000,9.859738,-0.077484,-0.020586,-0.010987,-0.004410,0.020179,0,0
9,29,852.100000,9.871803,-0.052947,-0.011340,-0.008890,-0.006617,0.007896,0,0
9,30,852.120000,9.883625,-0.109775,-0.020551,-0.022192,-0.006707,0.004700,0,0
9,31,852.140000,9.895156,-0.122056,-0.010934,-0.006808,-0.003887,0.012690,0,0
9,32,852.160000,9.906351,-0.134621,-0.013593,-0.028576,-0.017798,0.008868,0,0
9,33,852.180000,9.917165,-0.070008,-0.050078,-0.020314,-0.005653,0.002267,0,0
9,34,852.200000,9.927557,-0.086715,-0.037169,-0.019182,-0.005753,0.020206,0,0
9,35,852.220000,9.937485,-0.099780,-0.083275,-0.014370,0.001873,0.006939,0,0
9,36,852.240000,9.946909,0.000000,-0.017415,-0.016552,-0.013722,0.006417,0,0
9,37,852.260000,9.955794,-0.115943,-0.058829,-0.018822,0.002113,0.008662,0,0
9,38,852.280000,9.964103,-0.040469,-0.048689,-0.018365,-0.004875,0.016026,0,0
9,39,852.300000,9.971803,-0.081848,-0.056094,-0.023486,-0.002373,-0.001553,0,0
9,40,852.320000,9.978866,0.000000,-0.025943,-0.026346,0.004008,0.007657,0,0
9,41,852.340000,9.985261,-0.057516,-0.103467,-0.015465,-0.001110,0.016109,0,0
9,42,852.360000,9.990965,-0.055085,-0.043841,-0.015839,-0.001445,0.005680,0,0
9,43,852.380000,9.995955,-0.052249,-0.041431,-0.011568,-0.001759,-0.001806,0,0
9,44,852.400000,10.000211,-0.063985,-0.043300,-0.023596,-0.004904,0.000589,0,0
9,45,852.420000,10.003717,-0.029708,0.006161,-0.016309,-0.002140,0.004005,0,0
9,46,852.440000,10.006457,0.007936,-0.039602,-0.021291,-0.005080,0.008897,0,0
9,47,852.460000,10.008423,0.006937,0.000584,-0.013991,-0.001226,-0.000194,0,0
9,48,852.480000,10.009605,0.000000,-0.000386,-0.014876,-0.012182,0.004887,0,0
9,49,852.500000,10.010000,0.000000,0.025230,-0.018944,0.002145,-0.007177,0,0
9,50,852.520000,10.009605,-0.009756,-0.005833,-0.021683,-0.000106,-0.007972,0,0
9,51,852.540000,10.008423,0.017455,0.000193,-0.015139,-0.000677,-0.003916,0,0
9,52,852.560000,10.006457,0.030819,0.043777,-0.016638,0.002601,0.004947,0,0
9,53,852.580000,10.003717,0.061021,0.036870,-0.023195,-0.005171,-0.002626,0,0
9,54,852.600000,10.000211,0.014326,0.003329,-0.026285,0.012133,-0.002232,0,0
9,55,852.620000,9.995955,0.000000,0.028528,-0.020933,0.002457,-0.002981,0,0
9,56,852.640000,9.990965,0.061545,0.051237,-0.011731,0.002717,0.000510,0,0
9,57,852.660000,9.985261,0.063493,0.063472,-0.013365,-0.000913,-0.008724,0,0
9,58,852.680000,9.978866,0.058387,0.035279,-0.024421,0.004491,-0.002835,0,0
9,59,852.700000,9.971803,0.051336,-0.008384,-0.024434,0.011752,-0.011000,0,0
9,60,852.720000,9.964103,0.105848,0.060271,-0.011931,0.010431,0.002541,0,0
9,61,852.740000,9.955794,0.094899,0.024175,-0.023666,0.009945,-0.011865,0,0
9,62,852.760000,9.946909,0.070739,0.005907,-0.015099,0.008811,-0.012718,0,0
9,63,852.780000,9.937485,0.072767,-0.013770,-0.020359,0.004678,-0.005953,0,0
