window_id,t,timestamp,refrigerator_power,ac_power,washer_power,label,mode
0,0,45075.000000,142.155621,346.673095,9.874254,1,3
0,1,45076.000000,142.897107,337.910527,9.930912,1,3
0,2,45077.000000,142.308230,338.020200,9.246344,1,3
0,3,45078.000000,0.000000,333.849498,10.076957,1,3
0,4,45079.000000,0.000000,348.241515,7.884100,1,3
0,5,45080.000000,0.000000,342.444507,9.911488,1,3
0,6,45081.000000,140.907552,348.538323,10.445166,1,3
0,7,45082.000000,136.549700,346.470070,9.165057,1,3
0,8,45083.000000,138.106816,339.453565,10.213002,1,3
0,9,45084.000000,139.827193,343.878766,10.153477,1,3
0,10,45085.000000,140.676928,342.219948,10.193649,1,3
0,11,45086.000000,139.802153,341.462121,8.655182,1,3
0,12,45087.000000,142.212030,349.098854,10.095171,1,3
0,13,45088.000000,135.731004,357.090314,8.277721,1,3
0,14,45089.000000,139.779869,350.131794,9.370559,1,3
0,15,45090.000000,135.716590,344.430173,9.996140,1,3
0,16,45091.000000,140.732201,350.876672,10.208343,1,3
0,17,45092.000000,138.884465,353.157825,8.790697,1,3
0,18,45093.000000,139.773589,337.645636,9.715830,1,3
0,19,45094.000000,137.067974,350.745942,10.794547,1,3
0,20,45095.000000,141.216430,348.484256,9.020311,1,3
0,21,45096.000000,140.603102,350.590618,7.846363,1,3
0,22,45097.000000,139.549290,348.730638,10.529568,1,3
0,23,45098.000000,137.986116,343.539732,9.057792,1,3
0,24,45099.000000,139.268218,354.856907,9.360906,1,3
0,25,45100.000000,136.558478,346.404724,10.130602,1,3
0,26,45101.000000,0.000000,342.549272,10.077259,1,3
0,27,45102.000000,140.999982,347.264973,11.021540,1,3
0,28,45103.000000,139.707247,349.611238,9.758157,1,3
0,29,45104.000000,135.972248,345.237240,10.068305,1,3
0,30,45105.000000,138.020141,346.743291,8.307091,1,3
0,31,45106.000000,134.577306,345.233620,10.628215,1,3
0,32,45107.000000,138.175086,341.505581,9.308616,1,3
0,33,45108.000000,137.798666,340.711012,13.231067,1,3
0,34,45109.000000,133.025421,337.820227,9.786395,1,3
0,35,45110.000000,0.000000,352.438583,10.424395,1,3
0,36,45111.000000,0.000000,343.745570,10.637708,1,3
0,37,45112.000000,135.768797,327.738955,9.911326,1,3
0,38,45113.000000,133.820956,346.873669,10.436760,1,3
0,39,45114.000000,136.887719,346.784312,12.255448,1,3
0,40,45115.000000,136.483023,335.586511,9.246247,1,3
0,41,45116.000000,0.000000,340.771541,7.756731,1,3
0,42,45117.000000,134.210523,340.566250,8.697105,1,3
0,43,45118.000000,137.691242,341.250529,10.997261,1,3
0,44,45119.000000,138.776841,351.039918,9.520942,1,3
0,45,45120.000000,134.371583,344.245823,12.331912,1,3
0,46,45121.000000,133.987534,342.868208,10.727113,1,3
0,47,45122.000000,0.000000,350.630503,9.346974,1,3
0,48,45123.000000,134.243598,347.509463,9.221483,1,3
0,49,45124.000000,134.555495,336.342004,9.553733,1,3
0,50,45125.000000,136.188727,341.977948,7.935520,1,3
0,51,45126.000000,130.766339,346.685047,10.277744,1,3
0,52,45127.000000,137.097792,340.419956,10.693523,1,3
0,53,45128.000000,134.483191,355.251350,9.032671,1,3
0,54,45129.000000,133.391997,345.682140,8.448423,1,3
0,55,45130.000000,133.914183,341.365034,9.089444,1,3
0,56,45131.000000,133.895696,339.531366,10.997227,1,3
0,57,45132.000000,130.387141,349.797891,10.803221,1,3
0,58,45133.000000,136.718651,341.935112,10.215337,1,3
0,59,45134.000000,0.000000,347.088211,11.641870,1,3
0,60,45135.000000,134.374826,339.445162,8.310912,1,3
0,61,45136.000000,135.272745,345.567916,9.791622,1,3
0,62,45137.000000,131.208681,342.051665,10.560216,1,3
0,63,45138.000000,134.079851,343.668290,10.789769,1,3
1,0,45139.000000,132.480070,341.278025,10.803755,1,3
1,1,45140.000000,0.000000,350.401727,10.723918,1,3
1,2,45141.000000,128.527433,342.832743,11.319493,1,3
1,3,45142.000000,132.467795,344.584643,10.761168,1,3
1,4,45143.000000,131.344996,344.840384,8.845586,1,3
1,5,45144.000000,133.300376,353.391612,9.545163,1,3
1,6,45145.000000,133.261714,349.795970,8.304750,1,3
1,7,45146.000000,130.792716,349.311997,10.996315,1,3
1,8,45147.000000,130.670532,337.483325,11.194584,1,3
1,9,45148.000000,0.000000,342.104961,8.779630,1,3
1,10,45149.000000,0.000000,351.344182,9.620030,1,3
1,11,45150.000000,133.443027,339.560599,8.244575,1,3
1,12,45151.000000,0.000000,345.849485,9.878985,1,3
1,13,45152.000000,125.724106,340.117274,9.173004,1,3
1,14,45153.000000,130.678830,340.633209,8.832291,1,3
1,15,45154.000000,0.000000,353.875837,9.975234,1,3
1,16,45155.000000,127.948480,349.082425,11.881849,1,3
1,17,45156.000000,128.628351,350.415936,10.795116,1,3
1,18,45157.000000,131.214793,349.433105,9.748265,1,3
1,19,45158.000000,133.546632,344.832119,9.951428,1,3
1,20,45159.000000,131.409699,342.084740,11.878324,1,3
1,21,45160.000000,129.464912,343.546434,11.258639,1,3
1,22,45161.000000,131.484926,344.611915,9.689337,1,3
1,23,45162.000000,129.550750,354.466639,10.501177,1,3
1,24,45163.000000,128.976161,338.917588,9.001408,1,3
1,25,45164.000000,0.000000,342.845224,10.024758,1,3
1,26,45165.000000,126.656427,341.062876,10.764214,1,3
1,27,45166.000000,129.278535,350.924969,11.020351,1,3
1,28,45167.000000,130.273416,354.924955,9.359866,1,3
1,29,45168.000000,129.663619,347.214106,11.001757,1,3
1,30,45169.000000,128.925123,347.639413,10.148441,1,3
1,31,45170.000000,127.766392,346.155098,9.711471,1,3
1,32,45171.000000,130.775843,347.900048,11.909281,1,3
1,33,45172.000000,126.827196,349.592588,9.639662,1,3
1,34,45173.000000,130.916268,347.869174,8.892035,1,3
1,35,45174.000000,127.263179,348.249302,9.327567,1,3
1,36,45175.000000,0.000000,349.646361,10.725662,1,3
1,37,45176.000000,0.000000,336.892057,9.013294,1,3
1,38,45177.000000,0.000000,345.807650,10.829364,1,3
1,39,45178.000000,0.000000,347.337808,9.146517,1,3
1,40,45179.000000,129.825671,347.906662,9.924927,1,3
1,41,45180.000000,0.000000,344.985647,12.210147,1,3
1,42,45181.000000,129.654042,346.657993,9.117500,1,3
1,43,45182.000000,126.311090,342.268860,7.979944,1,3
1,44,45183.000000,0.000000,337.008325,11.367489,1,3
1,45,45184.000000,126.777389,350.812391,8.599685,1,3
1,46,45185.000000,130.909627,340.239003,9.187593,1,3
1,47,45186.000000,125.766269,345.122748,10.728733,1,3
1,48,45187.000000,129.859290,342.193525,10.688681,1,3
1,49,45188.000000,129.572383,353.888375,7.626031,1,3
1,50,45189.000000,131.160981,345.569260,9.656908,1,3
1,51,45190.000000,126.398320,344.429356,10.852193,1,3
1,52,45191.000000,128.358981,349.735122,12.028515,1,3
1,53,45192.000000,0.000000,356.792318,8.761163,1,3
1,54,45193.000000,0.000000,348.052549,11.068139,1,3
1,55,45194.000000,123.018346,344.151158,9.338007,1,3
1,56,45195.000000,122.047831,349.535379,11.041625,1,3
1,57,45196.000000,126.953402,338.203167,8.959657,1,3
1,58,45197.000000,121.482507,346.312862,9.769965,1,3
1,59,45198.000000,124.225705,356.064657,10.387406,1,3
1,60,45199.000000,125.567212,346.897759,10.954244,1,3
1,61,45200.000000,0.000000,346.662062,10.570308,1,3
1,62,45201.000000,124.990095,346.240509,9.570770,1,3
1,63,45202.000000,124.308165,344.174097,9.497735,1,3
2,0,49158.000000,141.746716,402.339220,9.877013,1,3
2,1,49159.000000,142.802957,395.037588,10.875052,1,3
2,2,49160.000000,144.307123,394.647582,12.670680,1,3
2,3,49161.000000,143.801840,406.148681,12.033193,1,3
2,4,49162.000000,145.166414,405.884302,13.230484,1,3
2,5,49163.000000,0.000000,399.215696,11.477588,1,3
2,6,49164.000000,142.893788,411.255633,12.058804,1,3
2,7,49165.000000,144.300940,401.853323,10.891332,1,3
2,8,49166.000000,148.483232,394.035440,13.156354,1,3
2,9,49167.000000,0.000000,398.205895,13.598549,1,3
2,10,49168.000000,147.167382,399.624016,11.885201,1,3
2,11,49169.000000,145.228996,400.041269,12.179117,1,3
2,12,49170.000000,144.339649,405.871904,11.563520,1,3
2,13,49171.000000,144.968727,394.853054,11.659945,1,3
2,14,49172.000000,0.000000,392.989548,13.066760,1,3
2,15,49173.000000,146.980255,402.671338,11.869047,1,3
2,16,49174.000000,148.677755,397.137407,12.848349,1,3
2,17,49175.000000,146.803576,411.802470,12.357969,1,3
2,18,49176.000000,0.000000,404.413650,13.123761,1,3
2,19,49177.000000,144.466315,397.083174,11.980801,1,3
2,20,49178.000000,145.722624,405.787033,13.458508,1,3
2,21,49179.000000,0.000000,403.387425,14.248650,1,3
2,22,49180.000000,147.493035,402.916463,10.672849,1,3
2,23,49181.000000,146.302491,399.149364,12.281030,1,3
2,24,49182.000000,0.000000,401.875444,12.280417,1,3
2,25,49183.000000,145.471168,389.271005,11.657486,1,3
2,26,49184.000000,147.575727,406.383846,12.780707,1,3
2,27,49185.000000,149.019943,382.630691,13.493796,1,3
2,28,49186.000000,143.672249,397.612991,10.399180,1,3
2,29,49187.000000,0.000000,391.857657,10.323515,1,3
2,30,49188.000000,147.549981,397.344556,14.030627,1,3
2,31,49189.000000,144.222999,399.490828,12.133596,1,3
2,32,49190.000000,148.746109,393.890048,12.462656,1,3
2,33,49191.000000,148.653693,386.014230,11.304728,1,3
2,34,49192.000000,148.579942,400.934545,12.417531,1,3
2,35,49193.000000,150.883071,410.344015,13.742074,1,3
2,36,49194.000000,150.552567,398.168015,12.869623,1,3
2,37,49195.000000,149.810444,404.733669,12.565943,1,3
2,38,49196.000000,150.272039,407.471537,10.603201,1,3
2,39,49197.000000,0.000000,390.462021,13.115891,1,3
2,40,49198.000000,153.236828,397.688432,12.382786,1,3
2,41,49199.000000,146.884529,393.605476,11.765202,1,3
2,42,49200.000000,150.279303,395.968615,13.015707,1,3
2,43,49201.000000,0.000000,408.522654,11.525343,1,3
2,44,49202.000000,151.940714,401.143588,12.933972,1,3
2,45,49203.000000,148.783512,403.981903,13.590085,1,3
2,46,49204.000000,147.140927,399.830884,12.527413,1,3
2,47,49205.000000,151.098954,394.010209,11.949204,1,3
2,48,49206.000000,151.504784,403.466144,11.801047,1,3
2,49,49207.000000,154.078510,406.351035,12.755884,1,3
2,50,49208.000000,148.715546,401.687621,11.941170,1,3
2,51,49209.000000,153.722581,402.558963,14.739689,1,3
2,52,49210.000000,0.000000,393.951925,10.958083,1,3
2,53,49211.000000,150.971391,403.672840,12.243437,1,3
2,54,49212.000000,0.000000,406.881181,12.645770,1,3
2,55,49213.000000,151.226510,402.186628,12.526716,1,3
2,56,49214.000000,152.225156,391.192374,11.812445,1,3
2,57,49215.000000,153.481349,408.367025,13.605461,1,3
2,58,49216.000000,151.327546,395.477346,13.040052,1,3
2,59,49217.000000,155.777226,402.152987,13.112986,1,3
2,60,49218.000000,150.594185,404.991521,11.705273,1,3
2,61,49219.000000,149.501182,405.637317,11.970461,1,3
2,62,49220.000000,155.349275,391.251527,12.861448,1,3
2,63,49221.000000,148.742787,400.850482,11.272693,1,3
3,0,49222.000000,153.039855,400.532088,13.038765,1,3
3,1,49223.000000,159.839467,407.484705,12.272248,1,3
3,2,49224.000000,153.735910,402.595765,13.437794,1,3
3,3,49225.000000,151.674250,407.555319,11.945579,1,3
3,4,49226.000000,153.956672,403.026901,14.187376,1,3
3,5,49227.000000,154.125435,399.969063,12.783702,1,3
3,6,49228.000000,0.000000,401.321773,12.893631,1,3
3,7,49229.000000,155.862351,407.983041,11.680628,1,3
3,8,49230.000000,152.614812,393.892977,12.626539,1,3
3,9,49231.000000,0.000000,404.919989,11.823966,1,3
3,10,49232.000000,155.493291,397.264715,10.832849,1,3
3,11,49233.000000,156.611461,396.202979,12.177545,1,3
3,12,49234.000000,154.056243,405.545084,13.536016,1,3
3,13,49235.000000,0.000000,396.025093,12.309079,1,3
3,14,49236.000000,155.107335,402.338480,12.079054,1,3
3,15,49237.000000,156.330764,398.020976,12.065782,1,3
3,16,49238.000000,0.000000,388.693576,14.614782,1,3
3,17,49239.000000,154.089756,402.879414,12.981621,1,3
3,18,49240.000000,157.613761,401.135016,10.783193,1,3
3,19,49241.000000,155.503698,390.965581,11.830053,1,3
3,20,49242.000000,0.000000,397.035610,11.972382,1,3
3,21,49243.000000,0.000000,391.506170,11.651992,1,3
3,22,49244.000000,158.248432,404.212153,12.437556,1,3
3,23,49245.000000,155.745285,407.506242,11.799305,1,3
3,24,49246.000000,156.920694,404.826301,11.860445,1,3
3,25,49247.000000,157.338506,405.537069,12.526718,1,3
3,26,49248.000000,0.000000,398.014837,10.832477,1,3
3,27,49249.000000,154.670486,403.351199,10.222128,1,3
3,28,49250.000000,158.437127,400.583786,13.616021,1,3
3,29,49251.000000,0.000000,401.568271,13.210428,1,3
3,30,49252.000000,160.181044,405.441424,12.742091,1,3
3,31,49253.000000,160.152391,406.544272,12.677867,1,3
3,32,49254.000000,159.808071,398.730620,12.183946,1,3
3,33,49255.000000,0.000000,393.653745,15.389165,1,3
3,34,49256.000000,158.504775,399.767513,12.566153,1,3
3,35,49257.000000,160.118974,399.620735,14.981295,1,3
3,36,49258.000000,157.802422,402.152656,14.436006,1,3
3,37,49259.000000,164.025732,404.907211,12.834849,1,3
3,38,49260.000000,163.237777,391.181886,12.163210,1,3
3,39,49261.000000,159.443535,397.412791,12.389210,1,3
3,40,49262.000000,160.341952,395.960481,11.972372,1,3
3,41,49263.000000,0.000000,407.046954,12.834201,1,3
3,42,49264.000000,159.571720,399.763193,13.046994,1,3
3,43,49265.000000,158.700958,398.253191,11.149010,1,3
3,44,49266.000000,161.910117,403.521678,14.987665,1,3
3,45,49267.000000,160.466669,397.877698,11.592216,1,3
3,46,49268.000000,160.823150,400.779316,9.686879,1,3
3,47,49269.000000,158.935703,409.938206,12.291401,1,3
3,48,49270.000000,0.000000,409.811860,11.224758,1,3
3,49,49271.000000,161.369822,398.856045,12.161558,1,3
3,50,49272.000000,162.853661,399.993716,12.127697,1,3
3,51,49273.000000,160.738020,397.822940,12.343841,1,3
3,52,49274.000000,164.208083,391.301312,12.746201,1,3
3,53,49275.000000,160.072670,406.124142,10.574658,1,3
3,54,49276.000000,159.516059,413.062461,11.060583,1,3
3,55,49277.000000,161.635653,398.751059,11.944253,1,3
3,56,49278.000000,0.000000,396.896892,10.450080,1,3
3,57,49279.000000,163.598371,399.629181,9.071884,1,3
3,58,49280.000000,160.652174,401.431199,11.410460,1,3
3,59,49281.000000,165.081619,395.340871,10.067600,1,3
3,60,49282.000000,166.422258,398.738682,9.842827,1,3
3,61,49283.000000,0.000000,406.118112,10.436492,1,3
3,62,49284.000000,0.000000,401.693080,10.162352,1,3
3,63,49285.000000,160.802339,407.420658,10.997220,1,3
4,0,49570.000000,0.000000,400.655167,59.539788,1,3
4,1,49571.000000,180.969242,406.620124,60.291586,1,3
4,2,49572.000000,179.571898,404.173490,60.412468,1,3
4,3,49573.000000,183.761488,399.929240,59.604888,1,3
4,4,49574.000000,179.265408,410.221593,61.004111,1,3
4,5,49575.000000,177.876842,402.593843,58.539600,1,3
4,6,49576.000000,176.308980,406.047880,60.109396,1,3
4,7,49577.000000,180.491985,411.280691,60.678490,1,3
4,8,49578.000000,179.367691,400.139372,61.702266,1,3
4,9,49579.000000,177.570981,404.775481,60.134814,1,3
4,10,49580.000000,0.000000,402.270990,61.257429,1,3
4,11,49581.000000,0.000000,403.399117,61.191760,1,3
4,12,49582.000000,180.179560,415.552830,62.336802,1,3
4,13,49583.000000,182.898886,407.068672,60.323735,1,3
4,14,49584.000000,0.000000,406.365145,62.052080,1,3
4,15,49585.000000,178.390759,407.430005,60.810065,1,3
4,16,49586.000000,0.000000,406.973254,58.465862,1,3
4,17,49587.000000,0.000000,395.705275,60.028735,1,3
4,18,49588.000000,180.622999,416.330532,59.083448,1,3
4,19,49589.000000,180.099550,397.537266,61.530257,1,3
4,20,49590.000000,177.996113,413.534470,60.168577,1,3
4,21,49591.000000,180.833325,407.973959,58.680445,1,3
4,22,49592.000000,178.034022,405.800161,60.882771,1,3
4,23,49593.000000,179.267908,403.381225,61.321550,1,3
4,24,49594.000000,182.291904,417.946835,59.596826,1,3
4,25,49595.000000,178.001758,407.955862,59.552960,1,3
4,26,49596.000000,176.102135,405.034236,60.201668,1,3
4,27,49597.000000,177.066985,402.281863,58.189320,1,3
4,28,49598.000000,181.083925,401.694816,60.709720,1,3
4,29,49599.000000,179.527320,405.235991,61.691312,1,3
4,30,49600.000000,178.681920,400.342301,59.349306,1,3
4,31,49601.000000,177.842592,408.405950,61.843059,1,3
4,32,49602.000000,179.751893,401.791861,60.994825,1,3
4,33,49603.000000,177.002650,410.057228,59.922977,1,3
4,34,49604.000000,179.231172,409.957764,60.634836,1,3
4,35,49605.000000,177.075608,404.780026,61.597689,1,3
4,36,49606.000000,176.660375,407.971091,60.141818,1,3
4,37,49607.000000,177.097595,408.233775,60.392571,1,3
4,38,49608.000000,177.537935,397.782672,59.464523,1,3
4,39,49609.000000,178.106576,413.765169,59.880124,1,3
4,40,49610.000000,178.589941,403.840360,60.700800,1,3
4,41,49611.000000,0.000000,408.609319,59.819649,1,3
4,42,49612.000000,176.331249,408.761942,59.496562,1,3
4,43,49613.000000,177.076141,392.708511,61.150987,1,3
4,44,49614.000000,180.781454,401.883922,60.482503,1,3
4,45,49615.000000,175.522693,409.382783,59.519887,1,3
4,46,49616.000000,177.918982,405.504571,61.752803,1,3
4,47,49617.000000,180.493465,408.650525,62.113617,1,3
4,48,49618.000000,174.786809,405.679881,61.014600,1,3
4,49,49619.000000,178.109369,411.377326,58.805343,1,3
4,50,49620.000000,0.000000,405.812954,60.407035,1,3
4,51,49621.000000,176.127494,412.375598,60.588620,1,3
4,52,49622.000000,0.000000,400.367376,58.415037,1,3
4,53,49623.000000,175.485738,404.641685,61.192070,1,3
4,54,49624.000000,182.298634,402.325254,60.209160,1,3
4,55,49625.000000,178.448425,407.247797,61.122574,1,3
4,56,49626.000000,178.867039,403.923642,59.694465,1,3
4,57,49627.000000,177.550950,404.181775,60.484221,1,3
4,58,49628.000000,173.257203,401.817878,60.531910,1,3
4,59,49629.000000,177.161741,403.050395,60.188588,1,3
4,60,49630.000000,178.419151,405.315050,60.491383,1,3
4,61,49631.000000,174.467320,395.272072,59.862892,1,3
4,62,49632.000000,178.004963,393.882340,58.816962,1,3
4,63,49633.000000,177.382540,405.699250,57.958313,1,3
5,0,49634.000000,0.000000,391.569998,59.382651,1,3
5,1,49635.000000,174.935526,404.462529,60.790814,1,3
5,2,49636.000000,173.473542,403.554781,58.961157,1,3
5,3,49637.000000,174.842558,408.163147,61.060805,1,3
5,4,49638.000000,178.333387,402.105224,61.391186,1,3
5,5,49639.000000,0.000000,413.325248,60.472718,1,3
5,6,49640.000000,171.116506,409.730845,59.834044,1,3
5,7,49641.000000,175.326636,397.940917,61.024708,1,3
5,8,49642.000000,0.000000,404.093011,61.157018,1,3
5,9,49643.000000,174.950655,413.163024,59.774893,1,3
5,10,49644.000000,176.718595,402.051294,60.084813,1,3
5,11,49645.000000,0.000000,405.287346,59.186504,1,3
5,12,49646.000000,0.000000,412.584799,60.286201,1,3
5,13,49647.000000,178.591665,402.873536,57.933043,1,3
5,14,49648.000000,172.398636,411.203766,59.707464,1,3
5,15,49649.000000,172.164823,401.051221,59.146774,1,3
5,16,49650.000000,0.000000,391.175501,59.911917,1,3
5,17,49651.000000,173.291775,411.768568,59.204795,1,3
5,18,49652.000000,0.000000,407.831947,58.086922,1,3
5,19,49653.000000,174.801877,408.173442,59.346109,1,3
5,20,49654.000000,175.890374,400.198156,59.524327,1,3
5,21,49655.000000,0.000000,400.608556,61.065230,1,3
5,22,49656.000000,176.535230,411.439850,59.358927,1,3
5,23,49657.000000,169.108939,406.916051,59.152475,1,3
5,24,49658.000000,174.784766,405.125081,58.808108,1,3
5,25,49659.000000,171.470233,406.829341,61.142549,1,3
5,26,49660.000000,175.777373,413.279581,59.776984,1,3
5,27,49661.000000,0.000000,409.367840,60.272328,1,3
5,28,49662.000000,171.452458,403.388518,58.456214,1,3
5,29,49663.000000,174.005852,398.756648,58.245158,1,3
5,30,49664.000000,174.347907,408.726700,59.098124,1,3
5,31,49665.000000,0.000000,401.178934,61.623224,1,3
5,32,49666.000000,170.263251,399.899232,58.908592,1,3
5,33,49667.000000,0.000000,412.402205,59.373883,1,3
5,34,49668.000000,172.073487,410.197829,60.012913,1,3
5,35,49669.000000,171.877819,407.776571,59.374842,1,3
5,36,49670.000000,173.338015,399.668496,60.478464,1,3
5,37,49671.000000,167.686390,414.819151,59.168922,1,3
5,38,49672.000000,172.262000,411.029502,58.898988,1,3
5,39,49673.000000,170.890026,404.378571,62.717826,1,3
5,40,49674.000000,169.669123,403.333436,59.063239,1,3
5,41,49675.000000,169.736782,406.314623,60.795162,1,3
5,42,49676.000000,170.667811,403.542418,59.057762,1,3
5,43,49677.000000,163.769349,417.006117,58.459053,1,3
5,44,49678.000000,169.443080,404.031541,59.909741,1,3
5,45,49679.000000,168.967678,400.632104,58.659095,1,3
5,46,49680.000000,171.658037,413.925932,59.606855,1,3
5,47,49681.000000,168.854096,403.150878,59.204154,1,3
5,48,49682.000000,169.907120,409.940671,61.251851,1,3
5,49,49683.000000,173.096363,409.397791,58.458061,1,3
5,50,49684.000000,171.674501,405.740376,60.675886,1,3
5,51,49685.000000,171.163860,401.180534,60.285106,1,3
5,52,49686.000000,168.032626,405.816934,59.770916,1,3
5,53,49687.000000,0.000000,400.220874,59.241844,1,3
5,54,49688.000000,167.909298,405.963921,60.172277,1,3
5,55,49689.000000,167.656585,409.958747,60.225287,1,3
5,56,49690.000000,168.539368,414.696069,60.393748,1,3
5,57,49691.000000,166.196787,400.680251,59.730866,1,3
5,58,49692.000000,0.000000,404.879532,58.854977,1,3
5,59,49693.000000,166.410740,403.520097,60.878464,1,3
5,60,49694.000000,167.637178,407.525176,59.996557,1,3
5,61,49695.000000,168.980680,398.559763,59.387118,1,3
5,62,49696.000000,167.801379,401.537817,58.998402,1,3
5,63,49697.000000,162.588399,397.733373,60.922467,1,3
6,0,50271.000000,133.358322,413.640327,9.125341,1,3
6,1,50272.000000,130.301279,418.864964,11.664728,1,3
6,2,50273.000000,130.711787,417.535710,10.757341,1,3
6,3,50274.000000,0.000000,413.456998,9.224388,1,3
6,4,50275.000000,132.493250,415.146866,8.746578,1,3
6,5,50276.000000,136.781771,419.280780,9.501512,1,3
6,6,50277.000000,133.550388,419.272456,9.746837,1,3
6,7,50278.000000,130.384683,422.752687,10.681863,1,3
6,8,50279.000000,134.510846,425.835850,7.698026,1,3
6,9,50280.000000,131.733083,413.946272,9.035374,1,3
6,10,50281.000000,135.242734,417.237973,11.799956,1,3
6,11,50282.000000,134.234918,415.608559,10.016230,1,3
6,12,50283.000000,126.863559,411.051035,10.062342,1,3
6,13,50284.000000,130.870434,419.422333,9.435570,1,3
6,14,50285.000000,134.896583,420.500727,10.788678,1,3
6,15,50286.000000,133.440813,411.238568,8.196260,1,3
6,16,50287.000000,131.220135,414.763010,9.575028,1,3
6,17,50288.000000,132.131074,414.287041,7.918819,1,3
6,18,50289.000000,129.716842,409.117346,9.980189,1,3
6,19,50290.000000,133.484082,416.489564,9.553944,1,3
6,20,50291.000000,138.214170,410.957222,8.370125,1,3
6,21,50292.000000,135.535063,417.490379,11.010542,1,3
6,22,50293.000000,0.000000,418.052997,10.690080,1,3
6,23,50294.000000,135.956120,418.684481,11.029771,1,3
6,24,50295.000000,136.380002,418.937956,8.493335,1,3
6,25,50296.000000,138.407347,424.398026,8.996330,1,3
6,26,50297.000000,0.000000,412.712068,11.202080,1,3
6,27,50298.000000,134.354303,412.974866,10.810509,1,3
6,28,50299.000000,136.929486,420.055070,11.403544,1,3
6,29,50300.000000,0.000000,416.131317,9.760054,1,3
6,30,50301.000000,134.176311,422.429832,9.890656,1,3
6,31,50302.000000,133.829749,419.623617,10.616126,1,3
6,32,50303.000000,135.687651,426.417702,8.648875,1,3
6,33,50304.000000,137.210388,416.382476,10.195808,1,3
6,34,50305.000000,137.281419,409.440892,12.535050,1,3
6,35,50306.000000,132.975142,418.566368,9.642162,1,3
6,36,50307.000000,139.785318,416.516660,8.396565,1,3
6,37,50308.000000,134.818789,419.559439,10.411098,1,3
6,38,50309.000000,135.710383,420.212006,9.098840,1,3
6,39,50310.000000,134.574976,414.238197,9.893016,1,3
6,40,50311.000000,141.917088,411.877879,11.087569,1,3
6,41,50312.000000,137.145086,416.205158,10.558110,1,3
6,42,50313.000000,135.099875,405.040884,9.511480,1,3
6,43,50314.000000,0.000000,417.362144,10.838492,1,3
6,44,50315.000000,0.000000,414.933584,8.332070,1,3
6,45,50316.000000,136.851167,421.291114,10.197107,1,3
6,46,50317.000000,139.050139,407.065461,9.616003,1,3
6,47,50318.000000,0.000000,417.038394,7.640305,1,3
6,48,50319.000000,136.668733,424.899752,8.789288,1,3
6,49,50320.000000,133.777467,420.407600,9.985386,1,3
6,50,50321.000000,135.293665,421.945916,10.746708,1,3
6,51,50322.000000,141.700825,418.753185,10.021771,1,3
6,52,50323.000000,0.000000,408.758808,9.703932,1,3
6,53,50324.000000,138.506110,417.911084,10.809784,1,3
6,54,50325.000000,141.845360,419.132845,10.274244,1,3
6,55,50326.000000,138.344627,411.711234,10.997275,1,3
6,56,50327.000000,0.000000,416.481546,10.574430,1,3
6,57,50328.000000,139.069285,402.620920,9.287975,1,3
6,58,50329.000000,138.852620,415.467740,10.670908,1,3
6,59,50330.000000,138.818569,414.968308,10.960947,1,3
6,60,50331.000000,0.000000,424.173340,11.400175,1,3
6,61,50332.000000,139.843110,414.157984,9.472862,1,3
6,62,50333.000000,141.115173,415.854269,9.636874,1,3
6,63,50334.000000,141.900623,416.801864,10.880391,1,3
7,0,50335.000000,140.762166,414.258362,10.841554,1,3
7,1,50336.000000,138.193458,420.820872,9.489681,1,3
7,2,50337.000000,137.576746,407.271907,9.327572,1,3
7,3,50338.000000,140.728782,422.928703,9.566972,1,3
7,4,50339.000000,140.237714,417.198380,10.079257,1,3
7,5,50340.000000,140.904273,423.777957,9.112189,1,3
7,6,50341.000000,140.846900,403.545511,10.419731,1,3
7,7,50342.000000,146.195924,405.112474,8.273197,1,3
7,8,50343.000000,138.518338,415.845677,9.168312,1,3
7,9,50344.000000,137.349154,419.847095,10.184019,1,3
7,10,50345.000000,142.144293,414.554802,9.080637,1,3
7,11,50346.000000,0.000000,420.260642,9.581629,1,3
7,12,50347.000000,142.413359,422.259908,9.872700,1,3
7,13,50348.000000,143.100171,420.695303,12.121039,1,3
7,14,50349.000000,0.000000,417.893593,8.693897,1,3
7,15,50350.000000,139.220977,417.867209,10.235682,1,3
7,16,50351.000000,141.273826,414.327164,8.975166,1,3
7,17,50352.000000,0.000000,417.136211,8.937663,1,3
7,18,50353.000000,144.232477,412.303871,9.124961,1,3
7,19,50354.000000,147.230895,413.513320,9.843470,1,3
7,20,50355.000000,144.908047,420.020730,11.433802,1,3
7,21,50356.000000,143.035897,415.146444,11.174836,1,3
7,22,50357.000000,141.521625,413.784981,9.541820,1,3
7,23,50358.000000,142.327123,419.730885,9.733523,1,3
7,24,50359.000000,142.423683,419.396168,10.591335,1,3
7,25,50360.000000,145.073117,416.432110,10.057657,1,3
7,26,50361.000000,144.430376,416.775869,9.363352,1,3
7,27,50362.000000,141.422981,419.612223,10.661416,1,3
7,28,50363.000000,143.352538,422.389206,11.620970,1,3
7,29,50364.000000,0.000000,418.561785,11.058427,1,3
7,30,50365.000000,0.000000,411.608123,11.356580,1,3
7,31,50366.000000,145.824747,416.473090,9.860623,1,3
7,32,50367.000000,145.607970,415.556412,8.917365,1,3
7,33,50368.000000,148.249799,412.339165,7.999726,1,3
7,34,50369.000000,145.623971,420.105692,7.928029,1,3
7,35,50370.000000,144.534920,420.502224,9.796651,1,3
7,36,50371.000000,143.630665,421.270935,10.506826,1,3
7,37,50372.000000,146.116728,412.697259,10.843082,1,3
7,38,50373.000000,140.891555,418.451010,10.243094,1,3
7,39,50374.000000,145.559955,417.644309,9.278389,1,3
7,40,50375.000000,145.672535,419.224630,10.654500,1,3
7,41,50376.000000,143.511061,418.348176,8.801847,1,3
7,42,50377.000000,144.539363,417.648742,8.896254,1,3
7,43,50378.000000,148.171201,417.059781,10.612938,1,3
7,44,50379.000000,0.000000,423.269530,8.766820,1,3
7,45,50380.000000,147.067723,413.438183,9.234728,1,3
7,46,50381.000000,147.633103,416.893325,9.022314,1,3
7,47,50382.000000,147.362006,423.177958,10.169136,1,3
7,48,50383.000000,149.818896,413.727749,10.588206,1,3
7,49,50384.000000,0.000000,413.776489,10.613956,1,3
7,50,50385.000000,144.729801,421.040532,9.419686,1,3
7,51,50386.000000,151.063114,410.045157,9.832156,1,3
7,52,50387.000000,148.700222,420.261779,10.735070,1,3
7,53,50388.000000,146.937777,414.304348,9.469625,1,3
7,54,50389.000000,145.766276,418.596420,9.087086,1,3
7,55,50390.000000,149.221750,410.236640,9.358426,1,3
7,56,50391.000000,0.000000,422.059589,9.392136,1,3
7,57,50392.000000,151.892024,409.841909,10.030697,1,3
7,58,50393.000000,148.208874,419.346749,9.973126,1,3
7,59,50394.000000,147.382916,409.638578,9.832584,1,3
7,60,50395.000000,151.006284,424.351287,9.199903,1,3
7,61,50396.000000,151.222291,414.746766,9.067740,1,3
7,62,50397.000000,149.866083,424.651852,10.649195,1,3
7,63,50398.000000,151.038561,410.597020,10.343150,1,3
8,0,55159.000000,145.913590,458.227224,59.029771,1,3
8,1,55160.000000,143.599381,470.956789,61.666252,1,3
8,2,55161.000000,0.000000,457.289690,59.809024,1,3
8,3,55162.000000,144.441073,473.143558,59.910401,1,3
8,4,55163.000000,145.488142,471.618342,61.101191,1,3
8,5,55164.000000,142.569760,460.595807,60.602637,1,3
8,6,55165.000000,142.901359,463.114403,59.737921,1,3
8,7,55166.000000,145.986668,461.643045,61.146469,1,3
8,8,55167.000000,141.427441,467.364737,59.315990,1,3
8,9,55168.000000,143.828479,472.284179,60.283663,1,3
8,10,55169.000000,151.233259,471.158405,58.744741,1,3
8,11,55170.000000,143.370940,463.074024,60.260211,1,3
8,12,55171.000000,147.757781,471.521080,61.017742,1,3
8,13,55172.000000,144.445608,471.114522,60.871302,1,3
8,14,55173.000000,146.791053,464.319608,60.902146,1,3
8,15,55174.000000,147.237244,465.224851,62.887773,1,3
8,16,55175.000000,148.342128,472.989078,59.732434,1,3
8,17,55176.000000,145.839495,470.580680,59.096254,1,3
8,18,55177.000000,150.373664,471.421154,60.456044,1,3
8,19,55178.000000,145.373212,478.232516,59.119668,1,3
8,20,55179.000000,147.176411,468.050291,58.867090,1,3
8,21,55180.000000,0.000000,466.950640,59.747598,1,3
8,22,55181.000000,144.776471,472.120363,61.980279,1,3
8,23,55182.000000,146.605006,475.278139,60.689034,1,3
8,24,55183.000000,147.656198,462.290422,60.380494,1,3
8,25,55184.000000,146.625423,464.346456,58.327220,1,3
8,26,55185.000000,0.000000,460.271251,59.377078,1,3
8,27,55186.000000,146.125607,467.086209,61.432560,1,3
8,28,55187.000000,150.318390,469.827106,59.730032,1,3
8,29,55188.000000,149.829204,460.644780,62.194939,1,3
8,30,55189.000000,148.245355,471.066496,60.448048,1,3
8,31,55190.000000,146.699503,463.139235,59.849535,1,3
8,32,55191.000000,147.050296,462.740266,59.686023,1,3
8,33,55192.000000,0.000000,471.072261,59.934949,1,3
8,34,55193.000000,145.329206,462.305216,58.548179,1,3
8,35,55194.000000,147.050746,458.421774,60.973062,1,3
8,36,55195.000000,146.249739,469.165899,60.441698,1,3
8,37,55196.000000,0.000000,464.797449,59.743807,1,3
8,38,55197.000000,150.765705,471.454600,59.888489,1,3
8,39,55198.000000,151.257795,469.637603,60.809790,1,3
8,40,55199.000000,151.020585,456.739502,62.029766,1,3
8,41,55200.000000,150.333935,472.067008,61.531572,1,3
8,42,55201.000000,153.078440,474.996428,60.185757,1,3
8,43,55202.000000,0.000000,470.674037,59.177390,1,3
8,44,55203.000000,150.684559,470.883662,58.466690,1,3
8,45,55204.000000,152.122390,464.284338,60.122694,1,3
8,46,55205.000000,148.142890,463.147560,59.216763,1,3
8,47,55206.000000,157.135501,466.601598,60.155198,1,3
8,48,55207.000000,151.156443,470.147238,60.290648,1,3
8,49,55208.000000,151.540249,470.029715,60.716927,1,3
8,50,55209.000000,153.926950,463.375469,58.828469,1,3
8,51,55210.000000,153.399989,462.876921,59.112866,1,3
8,52,55211.000000,151.803077,458.130282,59.685811,1,3
8,53,55212.000000,0.000000,468.823981,60.260501,1,3
8,54,55213.000000,149.032162,463.648807,60.201583,1,3
8,55,55214.000000,151.084214,464.100820,62.578073,1,3
8,56,55215.000000,153.388193,474.253750,57.740739,1,3
8,57,55216.000000,153.398121,468.614647,61.110234,1,3
8,58,55217.000000,0.000000,467.245524,61.058720,1,3
8,59,55218.000000,152.582247,469.790344,59.084701,1,3
8,60,55219.000000,150.205019,472.750754,59.527679,1,3
8,61,55220.000000,0.000000,457.568606,61.761574,1,3
8,62,55221.000000,0.000000,462.836192,59.377833,1,3
8,63,55222.000000,155.244604,464.511984,59.394450,1,3
9,0,55223.000000,153.276838,460.789271,60.119934,1,3
9,1,55224.000000,155.848769,464.363195,60.512345,1,3
9,2,55225.000000,0.000000,457.941949,60.997560,1,3
9,3,55226.000000,154.301772,470.316840,61.040682,1,3
9,4,55227.000000,151.603564,463.126740,60.781851,1,3
9,5,55228.000000,0.000000,466.727364,58.091982,1,3
9,6,55229.000000,155.788777,465.987442,59.958656,1,3
9,7,55230.000000,151.483425,468.526313,60.664869,1,3
9,8,55231.000000,155.186921,453.443084,60.684752,1,3
9,9,55232.000000,155.763736,468.007166,59.290032,1,3
9,10,55233.000000,158.228116,464.388703,58.977321,1,3
9,11,55234.000000,157.932932,467.806794,58.908442,1,3
9,12,55235.000000,157.196235,459.883521,60.465528,1,3
9,13,55236.000000,151.296081,467.857469,61.007256,1,3
9,14,55237.000000,157.617765,472.289968,60.141874,1,3
9,15,55238.000000,157.340747,466.754550,58.930074,1,3
9,16,55239.000000,156.595508,462.227824,60.179604,1,3
9,17,55240.000000,152.776906,462.454679,59.048115,1,3
9,18,55241.000000,154.837364,468.711850,59.263014,1,3
9,19,55242.000000,0.000000,468.687171,59.631384,1,3
9,20,55243.000000,0.000000,467.629965,59.201478,1,3
9,21,55244.000000,156.844696,465.667934,58.869782,1,3
9,22,55245.000000,155.407717,466.878663,61.549372,1,3
9,23,55246.000000,162.406615,465.547621,58.112147,1,3
9,24,55247.000000,0.000000,463.976063,59.408421,1,3
9,25,55248.000000,160.048203,469.676154,59.784218,1,3
9,26,55249.000000,154.474540,467.447654,61.227962,1,3
9,27,55250.000000,156.704392,472.358077,60.294667,1,3
9,28,55251.000000,0.000000,471.497994,59.718456,1,3
9,29,55252.000000,156.251287,467.309368,59.258809,1,3
9,30,55253.000000,157.374375,468.907165,61.147272,1,3
9,31,55254.000000,157.933831,461.152621,59.193375,1,3
9,32,55255.000000,158.052644,465.558905,60.211150,1,3
9,33,55256.000000,162.381191,467.668461,59.830607,1,3
9,34,55257.000000,159.577662,458.049760,60.480053,1,3
9,35,55258.000000,0.000000,468.118843,61.571108,1,3
9,36,55259.000000,160.200301,461.183889,60.705495,1,3
9,37,55260.000000,160.495763,461.740396,59.871083,1,3
9,38,55261.000000,159.254000,463.349177,61.675707,1,3
9,39,55262.000000,158.927287,465.852360,61.579815,1,3
9,40,55263.000000,160.051155,459.373039,61.139521,1,3
9,41,55264.000000,162.179607,470.304687,60.282036,1,3
9,42,55265.000000,162.266682,466.916847,59.228890,1,3
9,43,55266.000000,159.681341,475.662936,57.633960,1,3
9,44,55267.000000,161.845478,467.546728,60.211437,1,3
9,45,55268.000000,160.067992,468.908635,60.773994,1,3
9,46,55269.000000,0.000000,461.793571,58.662882,1,3
9,47,55270.000000,159.803992,460.162123,60.415485,1,3
9,48,55271.000000,160.534247,469.175236,59.554566,1,3
9,49,55272.000000,163.726397,460.510691,60.510250,1,3
9,50,55273.000000,161.374476,469.084072,59.383451,1,3
9,51,55274.000000,161.605789,474.305130,59.273946,1,3
9,52,55275.000000,158.586067,470.399034,59.938914,1,3
9,53,55276.000000,161.006980,468.420105,58.823614,1,3
9,54,55277.000000,161.287484,466.813039,60.961565,1,3
9,55,55278.000000,160.256150,463.443433,10.020242,1,3
9,56,55279.000000,162.101764,464.688106,8.855420,1,3
9,57,55280.000000,161.343735,462.331447,9.384420,1,3
9,58,55281.000000,162.505422,458.479246,10.590224,1,3
9,59,55282.000000,0.000000,465.131080,9.698567,1,3
9,60,55283.000000,160.719566,470.391065,10.709918,1,3
9,61,55284.000000,161.975975,458.305301,9.004877,1,3
9,62,55285.000000,0.000000,471.639450,9.720284,1,3
9,63,55286.000000,0.000000,470.630562,9.927797,1,3
